AU01_r,AU02_r,AU04_r,AU05_r,AU06_r,AU09_r,AU10_r,AU12_r,AU14_r,AU15_r,AU17_r,AU20_r,AU25_r,AU26_r,AU45_r,AU04_c,AU12_c,AU15_c,AU23_c,AU28_c,AU45_c
0.56,0.4,0.77,1.02,0.0,0.0,0.0,0.0,0.0,0.5,0.96,0.38,0.19,4.33,0.0,1.0,0.0,1.0,0.0,0.0,1.0
1.12,0.52,0.89,1.06,0.0,0.0,0.0,0.0,0.0,0.43,1.02,0.38,0.18,4.51,0.0,1.0,0.0,1.0,0.0,0.0,1.0
1.48,0.5,0.94,1.11,0.0,0.0,0.0,0.0,0.05,0.51,1.1,0.26,0.27,4.53,0.0,1.0,0.0,1.0,0.0,0.0,1.0
1.51,0.21,0.98,1.02,0.0,0.0,0.0,0.0,0.13,0.79,1.18,0.17,0.48,4.35,0.0,1.0,0.0,1.0,0.0,0.0,1.0
1.44,0.13,0.92,0.8,0.0,0.0,0.0,0.0,0.13,1.06,1.31,0.0,0.54,4.03,0.0,1.0,0.0,1.0,0.0,0.0,1.0
1.31,0.01,0.69,0.74,0.0,0.0,0.0,0.0,0.11,1.36,1.42,0.26,0.54,3.86,0.0,1.0,0.0,1.0,0.0,0.0,1.0
1.22,0.0,0.37,0.8,0.0,0.0,0.0,0.0,0.03,1.54,1.64,0.47,0.26,3.91,0.0,1.0,0.0,1.0,0.0,0.0,1.0
1.27,0.0,0.33,0.88,0.0,0.0,0.0,0.0,0.1,1.91,1.62,0.53,0.16,3.95,0.0,1.0,0.0,1.0,0.0,0.0,1.0
1.24,0.0,0.37,0.75,0.0,0.0,0.0,0.0,0.09,2.07,1.56,0.38,0.03,3.91,0.0,1.0,0.0,1.0,0.0,0.0,1.0
1.3,0.0,0.45,0.71,0.0,0.0,0.0,0.0,0.15,2.13,1.39,0.31,0.06,3.87,0.0,1.0,0.0,1.0,0.0,0.0,1.0
1.3,0.0,0.35,0.52,0.0,0.0,0.0,0.0,0.16,2.05,1.38,0.48,0.15,3.79,0.0,1.0,0.0,1.0,0.0,0.0,1.0
1.44,0.0,0.38,0.6,0.0,0.0,0.0,0.0,0.23,1.89,1.46,0.37,0.12,3.81,0.0,1.0,0.0,1.0,0.0,0.0,1.0
1.43,0.0,0.46,0.52,0.0,0.0,0.0,0.0,0.23,1.9,1.42,0.33,0.21,3.84,0.0,1.0,0.0,1.0,0.0,0.0,1.0
1.43,0.0,0.51,0.51,0.0,0.0,0.0,0.0,0.27,1.86,1.45,0.2,0.3,3.95,0.0,1.0,0.0,1.0,0.0,0.0,1.0
1.38,0.0,0.55,0.31,0.0,0.0,0.0,0.0,0.29,2.09,1.31,0.28,0.47,3.97,0.0,1.0,0.0,1.0,0.0,0.0,1.0
1.47,0.0,0.53,0.31,0.0,0.0,0.0,0.0,0.25,2.26,1.32,0.34,0.51,4.25,0.0,1.0,0.0,1.0,0.0,0.0,1.0
1.46,0.0,0.54,0.36,0.0,0.0,0.0,0.0,0.3,2.38,1.31,0.25,0.44,4.05,0.0,1.0,0.0,1.0,0.0,0.0,1.0
1.45,0.0,0.47,0.45,0.0,0.0,0.0,0.0,0.23,2.32,1.4,0.21,0.42,4.07,0.0,1.0,0.0,1.0,0.0,0.0,1.0
1.38,0.0,0.43,0.41,0.0,0.0,0.0,0.0,0.21,2.35,1.5,0.05,0.29,3.72,0.0,1.0,0.0,1.0,0.0,0.0,1.0
1.34,0.0,0.43,0.36,0.0,0.0,0.0,0.0,0.06,2.33,1.5,0.05,0.23,3.97,0.0,1.0,0.0,0.0,0.0,0.0,1.0
1.39,0.0,0.52,0.4,0.0,0.0,0.0,0.0,0.0,2.36,1.55,0.0,0.13,4.02,0.0,1.0,0.0,0.0,0.0,0.0,1.0
1.45,0.0,0.51,0.56,0.0,0.0,0.0,0.0,0.0,2.09,1.52,0.02,0.16,4.3,0.0,1.0,0.0,0.0,0.0,0.0,1.0
1.56,0.0,0.53,0.68,0.0,0.0,0.0,0.0,0.0,1.94,1.46,0.02,0.12,4.24,0.0,1.0,0.0,0.0,0.0,0.0,1.0
1.59,0.0,0.53,0.46,0.0,0.0,0.0,0.0,0.0,1.95,1.3,0.02,0.13,4.46,0.0,1.0,0.0,0.0,0.0,0.0,1.0
1.68,0.0,0.64,0.35,0.0,0.0,0.0,0.0,0.0,1.88,1.18,0.02,0.23,4.58,0.0,1.0,0.0,0.0,0.0,0.0,1.0
1.73,0.0,0.72,0.18,0.0,0.0,0.0,0.0,0.0,1.65,1.09,0.17,0.46,4.68,0.0,1.0,0.0,0.0,0.0,0.0,1.0
1.72,0.0,0.88,0.25,0.0,0.0,0.0,0.0,0.0,1.41,1.07,0.17,0.6,4.48,0.0,1.0,0.0,0.0,0.0,0.0,1.0
1.59,0.0,0.97,0.33,0.0,0.0,0.0,0.0,0.06,1.43,0.97,0.14,0.77,4.18,0.0,1.0,0.0,0.0,0.0,0.0,1.0
1.49,0.1,1.06,0.47,0.0,0.0,0.0,0.0,0.06,1.59,0.91,0.0,0.84,4.24,0.0,1.0,0.0,0.0,0.0,0.0,1.0
1.54,0.43,0.96,0.87,0.0,0.0,0.0,0.0,0.06,1.59,0.79,0.15,1.07,4.45,0.09,1.0,0.0,0.0,0.0,0.0,1.0
1.58,0.94,0.94,1.17,0.0,0.0,0.0,0.0,0.0,1.63,0.72,0.22,1.21,4.59,0.35,1.0,0.0,0.0,0.0,0.0,1.0
1.63,1.31,0.89,1.56,0.0,0.0,0.0,0.0,0.0,1.5,0.5,0.29,1.48,4.65,0.72,1.0,0.0,0.0,0.0,0.0,1.0
1.64,1.44,0.96,1.63,0.0,0.0,0.0,0.0,0.0,1.32,0.27,0.14,1.58,4.3,1.19,1.0,0.0,0.0,0.0,0.0,1.0
1.66,1.45,1.0,1.63,0.0,0.0,0.0,0.0,0.0,1.14,0.22,0.07,1.63,4.21,1.49,1.0,0.0,0.0,0.0,0.0,1.0
1.66,1.38,0.96,1.71,0.0,0.0,0.0,0.0,0.0,1.06,0.21,0.12,1.69,4.25,1.78,1.0,0.0,0.0,0.0,0.0,1.0
1.58,1.28,0.88,1.76,0.0,0.0,0.0,0.0,0.0,1.09,0.32,0.25,1.55,4.36,1.89,1.0,0.0,0.0,0.0,0.0,1.0
1.54,1.27,0.79,1.84,0.0,0.0,0.0,0.0,0.0,1.11,0.15,0.28,1.34,4.41,1.83,1.0,0.0,0.0,0.0,0.0,1.0
1.44,1.22,0.74,1.71,0.0,0.0,0.0,0.0,0.0,0.75,0.11,0.17,1.02,4.17,1.74,1.0,0.0,0.0,0.0,0.0,1.0
1.41,1.13,0.68,1.72,0.0,0.0,0.0,0.0,0.0,0.39,0.0,0.03,0.96,4.28,1.72,1.0,0.0,0.0,0.0,0.0,1.0
1.34,1.0,0.63,1.76,0.0,0.0,0.0,0.0,0.0,0.0,0.0,0.0,0.94,4.02,1.79,1.0,0.0,0.0,0.0,0.0,1.0
1.32,1.16,0.65,1.97,0.0,0.0,0.0,0.0,0.0,0.0,0.0,0.0,0.87,4.08,1.93,1.0,0.0,0.0,0.0,0.0,1.0
1.21,1.36,0.67,2.05,0.0,0.0,0.0,0.0,0.0,0.0,0.0,0.0,0.64,3.84,2.02,1.0,0.0,0.0,0.0,0.0,1.0
1.04,1.5,0.69,2.11,0.0,0.0,0.0,0.0,0.0,0.0,0.0,0.02,0.54,3.81,2.02,1.0,0.0,0.0,0.0,0.0,1.0
0.76,1.39,0.7,2.09,0.0,0.0,0.0,0.0,0.0,0.0,0.0,0.02,0.53,3.56,2.04,0.0,0.0,0.0,0.0,0.0,1.0
0.5,1.35,0.75,1.93,0.0,0.0,0.0,0.0,0.0,0.0,0.0,0.16,0.61,3.73,1.99,0.0,0.0,0.0,0.0,0.0,1.0
0.42,1.43,0.85,1.89,0.0,0.0,0.0,0.0,0.0,0.0,0.0,0.58,0.67,3.89,2.24,0.0,0.0,0.0,0.0,0.0,1.0
0.29,1.5,0.93,1.81,0.0,0.0,0.0,0.0,0.0,0.0,0.0,0.93,0.82,4.09,2.09,0.0,0.0,0.0,0.0,0.0,1.0
0.2,1.47,1.18,1.72,0.0,0.0,0.0,0.0,0.0,0.22,0.0,1.01,0.91,3.78,1.99,0.0,0.0,0.0,0.0,0.0,1.0
0.0,1.24,1.44,1.54,0.0,0.0,0.0,0.0,0.0,0.23,0.0,0.79,1.15,3.55,1.68,0.0,0.0,0.0,0.0,0.0,1.0
0.0,0.93,1.53,1.26,0.0,0.0,0.0,0.08,0.0,0.23,0.0,0.58,1.06,2.68,1.7,0.0,0.0,0.0,0.0,0.0,1.0
0.0,0.76,1.15,1.24,0.2,0.0,0.0,0.43,0.1,0.01,0.0,0.57,0.79,1.85,1.54,0.0,0.0,0.0,0.0,0.0,1.0
0.0,0.42,0.59,1.12,0.41,0.0,0.0,0.85,0.23,0.0,0.06,0.76,0.31,0.79,1.28,0.0,0.0,0.0,0.0,0.0,1.0
0.0,0.26,0.25,1.1,0.6,0.0,0.0,1.33,0.34,0.0,0.21,1.19,0.0,0.38,0.82,0.0,1.0,0.0,0.0,0.0,1.0
0.18,0.16,0.17,0.85,0.67,0.0,0.01,1.62,0.5,0.0,0.49,1.7,0.01,0.13,0.4,0.0,1.0,0.0,0.0,0.0,1.0
0.37,0.26,0.2,0.63,0.81,0.0,0.25,1.95,0.62,0.03,0.78,2.02,0.01,0.08,0.19,0.0,1.0,0.0,0.0,0.0,1.0
0.45,0.28,0.15,0.29,1.08,0.0,0.63,2.26,0.84,0.03,1.14,2.2,0.01,0.0,0.04,0.0,1.0,0.0,0.0,0.0,1.0
0.27,0.15,0.1,0.11,1.46,0.0,1.19,2.7,1.01,0.21,1.46,2.57,0.0,0.0,0.04,0.0,1.0,0.0,0.0,0.0,1.0
0.08,0.02,0.05,0.0,1.82,0.0,1.62,3.07,1.3,0.3,1.92,2.93,0.0,0.0,0.0,0.0,1.0,0.0,0.0,0.0,1.0
0.0,0.0,0.0,0.0,2.12,0.0,1.91,3.37,1.41,0.7,2.45,3.26,0.0,0.0,0.0,0.0,1.0,0.0,0.0,0.0,1.0
0.0,0.0,0.0,0.0,2.25,0.0,1.78,3.27,1.02,1.45,2.76,3.43,0.0,0.0,0.0,0.0,1.0,0.0,0.0,0.0,1.0
0.0,0.0,0.0,0.0,2.41,0.0,1.11,3.0,0.49,3.0,2.83,3.87,0.0,0.0,0.0,0.0,1.0,0.0,0.0,0.0,1.0
0.0,0.0,0.0,0.0,2.53,0.0,0.44,2.33,0.05,4.25,2.66,4.45,0.0,0.0,0.0,0.0,1.0,0.0,0.0,0.0,1.0
0.0,0.0,0.0,0.0,2.67,0.0,0.0,1.84,0.0,5.0,1.91,4.85,0.0,0.0,0.0,0.0,1.0,0.0,0.0,0.0,1.0
0.0,0.0,0.0,0.0,2.66,0.0,0.0,1.49,0.0,5.0,1.03,5.0,0.0,0.0,0.0,0.0,0.0,0.0,0.0,0.0,1.0
0.0,0.0,0.0,0.0,2.58,0.0,0.0,1.47,0.0,5.0,0.16,5.0,0.0,0.0,0.0,0.0,0.0,0.0,0.0,0.0,1.0
0.0,0.0,0.0,0.0,2.42,0.0,0.0,1.42,0.0,5.0,0.0,5.0,0.0,0.0,0.0,0.0,0.0,0.0,0.0,0.0,1.0
1.29,0.52,0.0,0.0,1.55,0.0,0.0,0.96,0.0,3.33,0.0,3.33,0.39,0.4,0.0,0.0,0.0,0.0,0.0,0.0,1.0
2.57,0.76,0.0,0.0,0.75,0.0,0.0,0.57,0.0,1.67,0.01,1.67,0.7,0.71,0.01,0.0,0.0,0.0,0.0,0.0,0.0
2.57,0.76,0.0,0.0,0.0,0.0,0.0,0.13,0.0,0.0,0.01,0.0,0.7,0.71,0.01,0.0,0.0,0.0,0.0,0.0,0.0
2.62,0.24,0.0,0.0,0.0,0.0,0.07,0.28,0.23,0.0,0.01,0.0,0.5,0.4,0.11,0.0,0.0,0.0,0.0,0.0,0.0
2.7,0.0,0.0,0.0,0.0,0.0,0.22,0.24,0.48,0.0,0.05,0.01,0.36,0.1,0.29,0.0,0.0,0.0,0.0,0.0,0.0
4.06,0.0,0.05,0.0,0.0,0.0,0.32,0.28,0.69,0.0,0.11,0.04,0.48,0.1,0.47,1.0,0.0,0.0,0.0,0.0,1.0
4.17,0.13,0.13,0.0,0.0,0.0,0.31,0.23,0.66,0.0,0.2,0.06,0.35,0.0,0.52,1.0,0.0,0.0,0.0,0.0,1.0
4.22,0.42,0.25,0.19,0.0,0.0,0.15,0.31,0.44,0.0,0.15,0.05,0.17,0.0,0.52,1.0,0.0,0.0,0.0,0.0,1.0
4.16,0.73,0.25,0.39,0.0,0.0,0.06,0.33,0.23,0.0,0.09,0.02,0.05,0.0,0.44,1.0,0.0,0.0,0.0,1.0,1.0
4.03,0.88,0.17,0.68,0.0,0.0,0.0,0.22,0.03,0.0,0.0,0.0,0.0,0.06,0.28,1.0,0.0,0.0,0.0,1.0,1.0
4.08,0.94,0.06,0.85,0.0,0.0,0.0,0.14,0.0,0.0,0.0,0.0,0.0,0.12,0.09,1.0,0.0,0.0,0.0,1.0,1.0
4.24,1.07,0.0,0.89,0.0,0.0,0.0,0.14,0.0,0.0,0.0,0.0,0.0,0.3,0.0,0.0,0.0,0.0,0.0,1.0,1.0
4.43,1.31,0.0,0.98,0.0,0.0,0.0,0.22,0.0,0.0,0.0,0.0,0.0,0.33,0.0,0.0,0.0,0.0,0.0,1.0,1.0
4.42,1.39,0.0,1.01,0.0,0.0,0.0,0.34,0.0,0.0,0.0,0.0,0.0,0.37,0.0,0.0,0.0,0.0,0.0,1.0,1.0
4.57,1.33,0.0,1.29,0.0,0.0,0.0,0.45,0.0,0.0,0.0,0.0,0.0,0.31,0.0,0.0,0.0,0.0,0.0,1.0,1.0
4.71,1.07,0.0,1.53,0.0,0.0,0.0,0.52,0.0,0.0,0.0,0.0,0.0,0.44,0.0,0.0,0.0,0.0,0.0,1.0,1.0
4.94,0.83,0.0,1.66,0.0,0.0,0.0,0.58,0.0,0.0,0.0,0.0,0.0,0.56,0.0,0.0,0.0,0.0,0.0,1.0,1.0
4.98,0.67,0.0,1.77,0.02,0.0,0.0,0.64,0.0,0.0,0.11,0.0,0.0,0.74,0.0,0.0,0.0,0.0,0.0,1.0,1.0
3.33,0.4,0.0,1.16,0.02,0.0,0.0,0.45,0.0,0.0,0.11,0.0,0.0,0.51,0.0,0.0,0.0,0.0,0.0,1.0,1.0
1.66,0.21,0.0,0.63,0.02,0.0,0.0,0.22,0.0,0.0,0.11,0.0,0.0,0.3,0.0,0.0,0.0,0.0,0.0,0.0,0.0
0.0,0.0,0.0,0.0,0.0,0.0,0.0,0.0,0.0,0.0,0.0,0.0,0.0,0.0,0.0,0.0,0.0,0.0,0.0,0.0,0.0
0.0,0.0,0.0,0.0,0.0,0.0,0.0,0.0,0.0,0.0,0.0,0.0,0.0,0.0,0.0,0.0,0.0,0.0,0.0,0.0,0.0
0.0,0.0,0.0,0.0,0.0,0.0,0.0,0.0,0.0,0.0,0.0,0.0,0.0,0.0,0.0,0.0,0.0,0.0,0.0,0.0,0.0
0.0,0.0,0.0,0.0,0.0,0.0,0.0,0.0,0.0,0.0,0.0,0.0,0.0,0.0,0.0,0.0,0.0,0.0,0.0,0.0,0.0
0.0,0.0,0.0,0.0,0.0,0.0,0.0,0.0,0.0,0.0,0.0,0.0,0.0,0.0,0.0,0.0,0.0,0.0,0.0,0.0,0.0
0.0,0.0,0.0,0.0,0.0,0.0,0.0,0.0,0.0,0.0,0.0,0.0,0.0,0.0,0.0,0.0,0.0,0.0,0.0,0.0,0.0
0.42,0.0,0.29,0.7,0.0,0.0,0.0,0.13,0.12,0.0,0.13,0.02,0.0,0.16,0.0,0.0,0.0,0.0,0.0,0.0,0.0
0.82,0.0,0.66,1.29,0.0,0.0,0.04,0.37,0.33,0.0,0.31,0.02,0.0,0.28,0.0,0.0,0.0,0.0,0.0,1.0,0.0
1.45,0.0,0.85,1.8,0.0,0.0,0.14,0.69,0.55,0.0,0.53,0.02,0.0,0.51,0.0,0.0,0.0,0.0,0.0,1.0,0.0
1.76,0.0,0.87,1.57,0.0,0.0,0.29,0.83,0.54,0.0,0.68,0.09,0.0,0.77,0.0,0.0,0.0,0.0,0.0,1.0,0.0
2.2,0.13,0.7,1.52,0.0,0.0,0.36,0.87,0.47,0.0,0.88,0.09,0.0,1.3,0.0,0.0,0.0,0.0,0.0,1.0,0.0
1.58,0.13,0.51,1.01,0.0,0.0,0.26,0.56,0.26,0.0,0.65,0.09,0.0,1.08,0.0,0.0,0.0,0.0,0.0,1.0,0.0
0.84,0.13,0.19,0.54,0.0,0.0,0.11,0.28,0.14,0.0,0.37,0.0,0.0,0.65,0.0,0.0,0.0,0.0,0.0,1.0,0.0
0.72,0.21,0.03,0.4,0.02,0.0,0.18,0.19,0.0,0.0,0.44,0.0,0.0,0.86,0.0,0.0,0.0,0.0,0.0,0.0,0.0
0.77,0.29,0.03,0.4,0.02,0.05,0.18,0.19,0.29,0.0,0.54,0.0,0.04,1.11,0.36,0.0,0.0,0.0,0.0,0.0,0.0
0.77,0.29,0.03,0.4,0.02,0.21,0.18,0.24,0.83,0.0,0.65,0.0,0.04,1.29,0.77,0.0,0.0,0.0,0.0,0.0,0.0
0.16,0.08,0.0,0.0,0.0,0.4,0.0,0.1,1.28,0.0,0.34,0.0,0.04,0.55,1.18,0.0,0.0,0.0,0.0,0.0,0.0
0.24,0.0,0.0,0.0,0.0,0.46,0.0,0.17,1.37,0.0,0.27,0.0,0.0,0.49,1.18,0.0,0.0,0.0,0.0,0.0,0.0
0.32,0.0,0.0,0.0,0.08,0.52,0.0,0.2,0.96,0.0,0.15,0.0,0.0,0.62,0.95,0.0,0.0,0.0,0.0,0.0,1.0
0.37,0.0,0.0,0.0,0.13,0.47,0.0,0.19,0.72,0.0,0.05,0.0,0.0,0.75,0.9,0.0,0.0,0.0,0.0,0.0,1.0
0.32,0.0,0.0,0.0,0.21,0.53,0.0,0.18,0.57,0.0,0.02,0.0,0.0,0.8,0.81,0.0,0.0,0.0,0.0,0.0,1.0
0.24,0.0,0.0,0.0,0.2,0.54,0.0,0.13,0.76,0.0,0.1,0.0,0.0,0.79,0.81,0.0,0.0,0.0,0.0,0.0,1.0
0.07,0.0,0.0,0.0,0.24,0.59,0.01,0.1,0.8,0.0,0.14,0.0,0.0,0.85,0.5,0.0,0.0,0.0,0.0,0.0,1.0
0.0,0.0,0.0,0.0,0.24,0.61,0.01,0.04,0.87,0.0,0.21,0.0,0.0,0.86,0.34,0.0,0.0,0.0,0.0,0.0,1.0
0.0,0.0,0.0,0.0,0.22,0.57,0.01,0.02,0.83,0.0,0.16,0.0,0.0,0.87,0.27,0.0,0.0,0.0,0.0,0.0,0.0
0.0,0.0,0.0,0.0,0.18,0.57,0.0,0.0,0.77,0.0,0.14,0.0,0.0,0.88,0.27,0.0,0.0,0.0,0.0,0.0,0.0
0.0,0.0,0.0,0.0,0.09,0.57,0.0,0.0,0.72,0.0,0.15,0.0,0.0,0.94,0.17,0.0,0.0,0.0,0.0,0.0,0.0
0.0,0.0,0.0,0.0,0.06,0.53,0.0,0.0,0.73,0.0,0.17,0.0,0.0,0.91,0.06,0.0,0.0,0.0,0.0,0.0,0.0
0.0,0.0,0.0,0.0,0.02,0.48,0.0,0.0,0.8,0.0,0.13,0.0,0.0,0.89,0.0,0.0,0.0,0.0,0.0,0.0,0.0
0.0,0.0,0.0,0.0,0.05,0.47,0.0,0.0,0.87,0.0,0.11,0.0,0.0,0.83,0.0,0.0,0.0,0.0,0.0,0.0,0.0
0.0,0.0,0.02,0.0,0.12,0.52,0.0,0.0,0.96,0.0,0.08,0.0,0.0,0.83,0.0,0.0,0.0,0.0,0.0,0.0,0.0
0.0,0.0,0.05,0.0,0.18,0.6,0.0,0.0,1.07,0.0,0.18,0.0,0.0,0.79,0.0,0.0,0.0,0.0,0.0,0.0,0.0
0.0,0.0,0.07,0.0,0.15,0.56,0.0,0.0,1.1,0.0,0.26,0.0,0.0,0.78,0.0,0.0,0.0,0.0,0.0,0.0,0.0
0.0,0.0,0.08,0.0,0.08,0.57,0.0,0.0,1.06,0.0,0.33,0.0,0.0,0.76,0.0,0.0,0.0,0.0,0.0,0.0,0.0
0.0,0.0,0.15,0.0,0.05,0.58,0.0,0.05,1.21,0.0,0.3,0.0,0.0,0.72,0.01,0.0,0.0,0.0,0.0,0.0,0.0
0.0,0.0,0.25,0.0,0.05,0.68,0.0,0.1,1.33,0.0,0.21,0.0,0.0,0.65,0.12,0.0,0.0,0.0,0.0,0.0,0.0
0.0,0.0,0.31,0.0,0.05,0.68,0.0,0.14,1.48,0.0,0.14,0.0,0.0,0.56,0.23,0.0,0.0,0.0,0.0,0.0,0.0
0.0,0.0,0.26,0.0,0.02,0.64,0.0,0.14,1.4,0.0,0.09,0.0,0.0,0.46,0.23,0.0,0.0,0.0,0.0,0.0,0.0
0.0,0.0,0.23,0.0,0.02,0.55,0.0,0.16,1.29,0.0,0.08,0.0,0.0,0.41,0.12,0.0,0.0,0.0,0.0,0.0,0.0
0.0,0.06,0.25,0.0,0.0,0.59,0.0,0.2,1.14,0.0,0.04,0.0,0.0,0.33,0.18,0.0,0.0,0.0,0.0,0.0,0.0
0.0,0.06,0.3,0.0,0.0,0.61,0.0,0.21,1.04,0.0,0.14,0.0,0.03,0.3,0.29,0.0,0.0,0.0,0.0,0.0,0.0
0.0,0.06,0.32,0.0,0.0,0.68,0.0,0.21,0.95,0.0,0.21,0.0,0.03,0.21,0.39,0.0,0.0,0.0,0.0,0.0,0.0
0.05,0.0,0.25,0.0,0.0,0.62,0.0,0.21,0.9,0.0,0.26,0.0,0.07,0.15,0.23,0.0,0.0,0.0,0.0,0.0,0.0
0.22,0.1,0.38,0.0,0.0,0.57,0.0,0.21,0.82,0.0,0.25,0.0,0.04,0.09,0.22,0.0,0.0,0.0,0.0,0.0,0.0
0.38,0.1,0.44,0.0,0.0,0.53,0.0,0.26,0.94,0.0,0.24,0.0,0.04,0.12,0.19,0.0,0.0,0.0,0.0,0.0,0.0
0.44,0.1,0.5,0.0,0.0,0.51,0.0,0.29,0.95,0.0,0.35,0.0,0.02,0.09,0.22,0.0,0.0,0.0,0.0,0.0,0.0
0.36,0.0,0.4,0.0,0.0,0.44,0.0,0.3,0.94,0.0,0.38,0.0,0.05,0.05,0.18,0.0,0.0,0.0,0.0,0.0,0.0
0.41,0.0,0.4,0.0,0.0,0.39,0.0,0.24,0.85,0.0,0.45,0.0,0.14,0.04,0.21,0.0,0.0,0.0,0.0,0.0,0.0
0.54,0.0,0.51,0.0,0.0,0.43,0.0,0.16,0.82,0.0,0.41,0.0,0.12,0.04,0.31,0.0,0.0,0.0,0.0,0.0,0.0
0.53,0.0,0.55,0.0,0.0,0.5,0.0,0.07,0.73,0.0,0.37,0.0,0.22,0.13,0.28,0.0,0.0,0.0,0.0,0.0,0.0
0.34,0.0,0.54,0.0,0.0,0.46,0.0,0.02,0.63,0.0,0.31,0.0,0.23,0.19,0.22,0.0,0.0,0.0,0.0,0.0,0.0
0.27,0.0,0.53,0.0,0.0,0.25,0.0,0.01,0.63,0.0,0.22,0.0,0.33,0.24,0.23,0.0,0.0,0.0,0.0,0.0,0.0
0.18,0.0,0.51,0.0,0.0,0.1,0.0,0.01,0.82,0.0,0.24,0.0,0.31,0.17,0.32,0.0,0.0,0.0,0.0,0.0,0.0
0.16,0.0,0.51,0.0,0.0,0.07,0.0,0.02,0.86,0.0,0.19,0.0,0.37,0.06,0.35,0.0,0.0,0.0,0.0,0.0,0.0
0.0,0.0,0.45,0.0,0.0,0.07,0.0,0.04,0.87,0.0,0.29,0.0,0.36,0.02,0.21,0.0,0.0,0.0,0.0,0.0,0.0
0.0,0.0,0.53,0.0,0.0,0.1,0.0,0.09,0.81,0.0,0.25,0.0,0.34,0.0,0.17,0.0,0.0,0.0,0.0,0.0,0.0
0.0,0.0,0.54,0.0,0.0,0.08,0.0,0.12,0.88,0.0,0.28,0.0,0.34,0.0,0.18,0.0,0.0,0.0,0.0,0.0,0.0
0.0,0.0,0.51,0.0,0.0,0.1,0.0,0.17,1.01,0.0,0.34,0.0,0.33,0.02,0.4,0.0,0.0,0.0,0.0,0.0,0.0
0.0,0.0,0.39,0.0,0.0,0.16,0.0,0.13,1.1,0.0,0.4,0.0,0.32,0.02,0.43,0.0,0.0,0.0,0.0,0.0,0.0
0.0,0.0,0.34,0.0,0.0,0.19,0.0,0.12,1.12,0.0,0.4,0.0,0.24,0.02,0.5,0.0,0.0,0.0,0.0,0.0,0.0
0.0,0.0,0.22,0.0,0.02,0.23,0.0,0.11,1.08,0.0,0.34,0.0,0.28,0.0,0.35,0.0,0.0,0.0,0.0,0.0,0.0
0.0,0.0,0.27,0.0,0.05,0.18,0.0,0.15,1.12,0.0,0.31,0.0,0.32,0.0,0.36,0.0,0.0,0.0,0.0,0.0,0.0
0.0,0.0,0.25,0.0,0.05,0.17,0.0,0.15,1.17,0.0,0.3,0.0,0.41,0.0,0.36,0.0,0.0,0.0,0.0,0.0,0.0
0.0,0.0,0.28,0.0,0.03,0.22,0.0,0.19,1.29,0.0,0.26,0.0,0.46,0.01,0.44,0.0,0.0,0.0,0.0,0.0,0.0
0.0,0.0,0.22,0.0,0.0,0.29,0.0,0.22,1.26,0.0,0.24,0.0,0.48,0.01,0.32,0.0,0.0,0.0,0.0,0.0,0.0
0.0,0.0,0.28,0.0,0.0,0.33,0.01,0.29,1.24,0.0,0.2,0.0,0.44,0.01,0.15,0.0,0.0,0.0,0.0,0.0,0.0
0.0,0.0,0.36,0.0,0.01,0.37,0.05,0.32,1.13,0.0,0.2,0.0,0.35,0.0,0.05,0.0,0.0,0.0,0.0,0.0,0.0
0.0,0.0,0.42,0.0,0.01,0.36,0.06,0.33,1.13,0.0,0.27,0.0,0.24,0.0,0.17,0.0,0.0,0.0,0.0,0.0,0.0
0.0,0.0,0.53,0.0,0.01,0.39,0.09,0.38,1.09,0.0,0.36,0.0,0.2,0.0,0.21,0.0,0.0,0.0,0.0,0.0,0.0
0.0,0.0,0.55,0.0,0.0,0.38,0.06,0.4,1.14,0.0,0.45,0.0,0.16,0.0,0.16,0.0,0.0,0.0,0.0,0.0,0.0
0.0,0.0,0.55,0.0,0.0,0.43,0.05,0.44,1.16,0.0,0.34,0.0,0.24,0.0,0.04,0.0,0.0,0.0,0.0,0.0,0.0
0.0,0.0,0.47,0.0,0.0,0.45,0.0,0.36,1.15,0.0,0.31,0.0,0.33,0.0,0.09,0.0,0.0,0.0,0.0,0.0,0.0
0.0,0.0,0.38,0.0,0.0,0.47,0.1,0.37,1.04,0.0,0.2,0.0,0.5,0.0,0.09,0.0,0.0,0.0,0.0,0.0,0.0
0.0,0.0,0.24,0.0,0.0,0.42,0.18,0.42,0.99,0.0,0.15,0.0,0.69,0.0,0.09,0.0,0.0,0.0,0.0,0.0,0.0
0.0,0.0,0.06,0.0,0.0,0.26,0.31,0.49,1.17,0.0,0.04,0.0,0.78,0.08,0.12,0.0,0.0,0.0,0.0,0.0,0.0
0.0,0.0,0.0,0.0,0.0,0.11,0.34,0.5,1.29,0.0,0.0,0.0,0.79,0.18,0.31,0.0,0.0,0.0,0.0,0.0,0.0
0.0,0.0,0.04,0.0,0.0,0.0,0.41,0.5,1.48,0.0,0.0,0.0,0.74,0.2,0.54,0.0,0.0,0.0,0.0,0.0,0.0
0.0,0.0,0.04,0.0,0.02,0.0,0.4,0.54,1.5,0.0,0.0,0.0,0.72,0.16,0.61,0.0,0.0,0.0,0.0,0.0,0.0
0.0,0.0,0.04,0.0,0.07,0.0,0.52,0.57,1.67,0.0,0.06,0.0,0.6,0.16,0.65,0.0,0.0,0.0,0.0,0.0,0.0
0.0,0.0,0.0,0.0,0.07,0.0,0.62,0.58,1.71,0.0,0.06,0.0,0.45,0.24,0.68,0.0,0.0,0.0,0.0,0.0,0.0
0.0,0.0,0.0,0.0,0.07,0.0,0.69,0.57,1.81,0.0,0.05,0.0,0.36,0.21,0.61,0.0,0.0,0.0,0.0,0.0,0.0
0.0,0.0,0.02,0.0,0.02,0.0,0.67,0.59,1.85,0.0,0.05,0.0,0.4,0.11,0.57,0.0,0.0,0.0,0.0,0.0,0.0
0.0,0.0,0.02,0.0,0.02,0.0,0.73,0.59,1.91,0.0,0.09,0.0,0.42,0.0,0.43,0.0,0.0,0.0,0.0,0.0,0.0
0.0,0.0,0.02,0.0,0.0,0.0,0.79,0.61,1.83,0.0,0.18,0.0,0.47,0.0,0.36,0.0,0.0,0.0,0.0,0.0,0.0
0.0,0.0,0.0,0.0,0.0,0.0,0.96,0.61,1.79,0.0,0.25,0.0,0.4,0.0,0.21,0.0,0.0,0.0,0.0,0.0,0.0
0.0,0.0,0.0,0.0,0.0,0.0,1.17,0.67,1.68,0.0,0.32,0.0,0.44,0.0,0.2,0.0,0.0,0.0,0.0,0.0,0.0
0.0,0.0,0.0,0.0,0.0,0.0,1.41,0.7,1.72,0.0,0.31,0.0,0.35,0.05,0.27,0.0,0.0,1.0,0.0,0.0,0.0
0.0,0.0,0.0,0.0,0.0,0.0,1.49,0.74,1.66,0.0,0.27,0.0,0.45,0.05,0.29,0.0,0.0,1.0,0.0,0.0,0.0
0.0,0.0,0.0,0.0,0.0,0.0,1.51,0.71,1.66,0.0,0.28,0.0,0.5,0.14,0.33,0.0,0.0,1.0,0.0,0.0,0.0
0.0,0.0,0.0,0.0,0.0,0.0,1.59,0.72,1.5,0.0,0.35,0.0,0.57,0.12,0.42,0.0,0.0,1.0,0.0,0.0,0.0
0.0,0.0,0.0,0.0,0.0,0.0,1.65,0.7,1.41,0.0,0.44,0.0,0.6,0.18,0.47,0.0,0.0,1.0,0.0,0.0,0.0
0.0,0.0,0.0,0.0,0.0,0.0,1.76,0.73,1.35,0.0,0.4,0.0,0.59,0.1,0.32,0.0,0.0,1.0,0.0,0.0,0.0
0.0,0.0,0.0,0.0,0.0,0.03,1.83,0.7,1.54,0.0,0.26,0.0,0.64,0.1,0.15,0.0,0.0,1.0,0.0,0.0,0.0
0.0,0.0,0.0,0.0,0.0,0.11,2.05,0.7,1.44,0.0,0.16,0.0,0.66,0.07,0.09,0.0,0.0,1.0,0.0,0.0,0.0
0.0,0.0,0.0,0.0,0.0,0.17,2.1,0.65,1.38,0.0,0.17,0.0,0.69,0.1,0.29,0.0,1.0,1.0,0.0,0.0,0.0
0.0,0.0,0.0,0.0,0.0,0.35,2.23,0.61,0.96,0.0,0.23,0.0,0.65,0.19,0.57,0.0,1.0,1.0,0.0,0.0,0.0
0.0,0.0,0.0,0.0,0.0,0.36,2.35,0.53,0.92,0.0,0.31,0.0,0.52,0.31,0.73,0.0,1.0,1.0,0.0,0.0,0.0
0.07,0.0,0.0,0.0,0.0,0.43,2.42,0.44,0.62,0.0,0.39,0.0,0.39,0.44,0.74,0.0,1.0,1.0,0.0,0.0,0.0
0.15,0.0,0.0,0.0,0.0,0.3,2.41,0.26,0.49,0.0,0.56,0.01,0.32,0.58,0.59,0.0,1.0,1.0,0.0,0.0,0.0
0.31,0.0,0.0,0.0,0.0,0.24,2.34,0.11,0.22,0.0,0.71,0.13,0.32,0.74,0.47,0.0,1.0,1.0,0.0,0.0,0.0
0.46,0.0,0.0,0.04,0.0,0.1,2.26,0.01,0.11,0.0,0.79,0.34,0.26,0.89,0.6,0.0,0.0,1.0,0.0,0.0,1.0
0.65,0.0,0.0,0.04,0.0,0.04,2.19,0.0,0.05,0.0,0.84,0.45,0.33,1.15,0.53,0.0,0.0,1.0,0.0,0.0,0.0
0.7,0.0,0.0,0.04,0.01,0.01,2.01,0.0,0.0,0.03,1.08,0.36,0.22,1.22,0.6,0.0,0.0,1.0,0.0,0.0,1.0
0.79,0.0,0.0,0.0,0.04,0.01,1.76,0.0,0.0,0.03,1.35,0.14,0.2,1.26,0.27,0.0,0.0,1.0,0.0,0.0,1.0
0.99,0.0,0.0,0.0,0.17,0.0,1.54,0.0,0.0,0.46,1.59,0.34,0.09,1.27,0.16,1.0,0.0,1.0,0.0,1.0,1.0
1.49,0.0,0.0,0.0,0.33,0.0,1.42,0.0,0.0,0.92,1.54,0.75,0.09,1.26,0.0,1.0,0.0,1.0,0.0,1.0,1.0
2.06,0.0,0.0,0.0,0.54,0.0,1.08,0.0,0.0,2.36,1.32,0.9,0.09,1.11,0.0,1.0,0.0,0.0,0.0,1.0,1.0
2.45,0.0,0.0,0.11,0.64,0.0,0.74,0.0,0.0,3.16,1.11,0.77,0.25,1.01,0.0,1.0,0.0,0.0,0.0,1.0,1.0
2.79,0.0,0.0,0.16,0.74,0.0,0.24,0.0,0.0,4.24,0.89,0.89,0.81,1.14,0.0,1.0,0.0,0.0,0.0,1.0,1.0
3.1,0.0,0.0,0.25,0.72,0.0,0.14,0.0,0.0,3.56,0.97,0.91,1.33,1.48,0.0,1.0,0.0,0.0,0.0,1.0,1.0
3.38,0.0,0.13,0.14,0.66,0.0,0.1,0.0,0.0,3.36,1.3,0.97,1.54,1.64,0.0,1.0,0.0,0.0,0.0,1.0,1.0
3.64,0.0,0.46,0.08,0.57,0.0,0.25,0.0,0.0,2.48,1.91,0.69,1.6,2.08,0.0,1.0,0.0,0.0,0.0,1.0,0.0
3.72,0.0,0.87,0.06,0.45,0.0,0.48,0.0,0.0,2.21,2.29,0.52,1.95,2.51,0.0,1.0,0.0,0.0,0.0,1.0,0.0
3.91,0.0,1.35,0.18,0.31,0.02,0.44,0.0,0.0,1.91,2.19,0.28,2.26,2.93,0.0,1.0,0.0,0.0,0.0,1.0,0.0
3.76,0.0,1.78,0.22,0.18,0.1,0.33,0.0,0.0,1.26,1.78,0.0,2.55,3.12,0.0,1.0,0.0,0.0,0.0,0.0,0.0
3.69,0.01,2.12,0.16,0.08,0.26,0.1,0.0,0.0,1.29,1.59,0.0,2.63,3.42,0.0,1.0,0.0,0.0,0.0,0.0,0.0
3.47,0.01,2.17,0.05,0.06,0.44,0.05,0.0,0.0,0.98,1.7,0.0,2.88,3.72,0.0,1.0,0.0,0.0,0.0,0.0,0.0
3.3,0.01,2.06,0.0,0.01,0.5,0.04,0.0,0.0,1.85,1.93,0.0,3.06,3.64,0.0,1.0,0.0,0.0,0.0,0.0,0.0
2.11,0.0,1.31,0.0,0.01,0.34,0.04,0.0,0.0,1.33,1.36,0.0,2.11,2.38,0.0,1.0,0.0,0.0,0.0,0.0,0.0
1.91,0.0,1.35,0.0,0.0,0.26,0.04,0.0,0.0,1.94,1.61,0.16,2.19,2.37,0.0,1.0,0.0,0.0,0.0,0.0,0.0
2.02,0.0,1.49,0.0,0.0,0.33,0.0,0.0,0.0,2.29,1.8,0.27,2.39,2.25,0.0,1.0,0.0,0.0,0.0,0.0,0.0
2.02,0.0,1.49,0.0,0.0,0.33,0.0,0.0,0.0,2.29,1.8,0.27,2.39,2.25,0.0,1.0,0.0,0.0,0.0,0.0,0.0
2.0,0.0,1.63,0.0,0.04,0.51,0.0,0.0,0.0,2.58,1.71,0.38,2.68,1.92,0.0,0.0,0.0,0.0,0.0,0.0,0.0
1.29,0.0,0.83,0.18,0.06,0.3,0.12,0.0,0.31,1.96,1.49,0.27,1.86,1.77,0.0,0.0,0.0,0.0,0.0,0.0,0.0
1.56,0.23,0.83,0.71,0.06,0.3,0.3,0.0,0.95,2.87,2.1,0.27,2.71,2.37,0.0,0.0,0.0,0.0,0.0,0.0,0.0
0.72,0.23,0.0,1.03,0.02,0.0,0.51,0.0,1.45,2.21,2.23,0.0,2.02,1.99,0.0,0.0,0.0,1.0,0.0,0.0,0.0
0.45,0.23,0.0,1.11,0.0,0.01,0.67,0.04,1.77,2.25,2.53,0.0,2.19,1.71,0.0,0.0,0.0,1.0,0.0,0.0,0.0
0.18,0.0,0.0,0.58,0.0,0.18,0.79,0.11,1.66,2.11,2.79,0.0,1.85,1.57,0.0,0.0,0.0,1.0,0.0,0.0,0.0
0.12,0.0,0.0,0.27,0.0,0.32,0.84,0.19,1.65,2.27,3.23,0.0,1.53,1.43,0.0,0.0,0.0,1.0,0.0,0.0,0.0
0.01,0.0,0.0,0.0,0.0,0.52,0.92,0.29,1.61,2.38,3.4,0.0,1.27,1.37,0.0,0.0,0.0,1.0,0.0,0.0,0.0
0.0,0.0,0.0,0.0,0.0,0.66,0.98,0.28,1.8,2.44,3.91,0.0,1.11,1.29,0.0,0.0,0.0,1.0,0.0,0.0,0.0
0.0,0.0,0.0,0.0,0.0,0.96,1.19,0.27,1.89,2.61,3.92,0.0,0.94,1.09,0.0,0.0,0.0,1.0,0.0,0.0,0.0
0.0,0.0,0.0,0.1,0.0,1.02,1.4,0.26,1.88,3.08,4.43,0.0,1.04,1.37,0.0,0.0,0.0,1.0,0.0,0.0,0.0
0.0,0.0,0.0,0.1,0.0,0.7,1.04,0.19,1.16,2.24,3.04,0.0,0.67,0.99,0.0,0.0,0.0,1.0,0.0,0.0,0.0
0.0,0.0,0.0,0.1,0.0,0.39,0.97,0.13,1.16,2.89,3.33,0.0,0.58,0.87,0.0,0.0,0.0,1.0,0.0,0.0,0.0
0.0,0.0,0.0,0.0,0.0,0.13,0.41,0.0,0.58,1.64,1.67,0.0,0.1,0.14,0.0,0.0,0.0,1.0,0.0,0.0,0.0
0.0,0.0,0.21,0.0,0.0,0.46,0.78,0.0,1.0,2.82,3.1,0.0,0.1,0.39,0.0,0.0,0.0,1.0,0.0,0.0,0.0
0.0,0.0,0.21,0.0,0.0,0.63,0.48,0.0,0.73,2.24,2.79,0.0,0.0,0.56,0.0,1.0,1.0,1.0,0.0,0.0,1.0
0.0,0.0,0.28,0.0,0.0,1.02,0.82,0.0,1.03,3.46,4.37,0.0,0.0,1.2,0.0,1.0,1.0,1.0,0.0,0.0,1.0
0.0,0.0,0.07,0.0,0.0,1.07,0.7,0.0,0.99,3.54,4.61,0.0,0.0,1.81,0.0,1.0,1.0,1.0,0.0,0.0,1.0
0.0,0.0,0.07,0.0,0.0,0.77,0.6,0.0,0.68,2.48,3.25,0.0,0.0,1.5,0.0,1.0,1.0,1.0,0.0,0.0,1.0
0.0,0.0,0.0,0.0,0.0,0.38,0.26,0.0,0.37,1.26,1.67,0.0,0.0,0.86,0.0,1.0,1.0,0.0,0.0,0.0,1.0
0.0,0.0,0.0,0.0,0.0,0.3,0.0,0.06,0.33,1.52,0.87,0.0,0.17,0.66,0.45,0.0,1.0,0.0,0.0,0.0,1.0
0.0,0.0,0.0,0.0,0.0,0.3,0.0,0.06,0.33,1.52,0.87,0.0,0.17,0.66,0.45,0.0,0.0,0.0,0.0,0.0,0.0
0.0,0.0,0.0,0.0,0.0,0.63,0.0,0.53,0.49,1.95,2.04,0.0,0.46,1.36,0.51,0.0,0.0,0.0,0.0,0.0,0.0
0.0,0.0,0.0,0.0,0.0,0.33,0.0,0.46,0.16,0.43,1.17,0.0,0.29,0.7,0.05,0.0,0.0,0.0,0.0,0.0,1.0
0.0,0.0,0.0,0.0,0.17,0.76,0.17,0.73,0.51,1.65,2.19,0.0,0.77,1.65,0.05,0.0,0.0,0.0,0.0,0.0,1.0
0.0,0.0,0.0,0.0,0.32,0.94,1.06,0.27,0.35,2.89,2.18,0.0,0.65,2.03,0.0,0.0,0.0,0.0,1.0,0.0,1.0
0.0,0.0,0.0,0.0,0.32,0.94,1.06,0.27,0.35,2.89,2.18,0.0,0.65,2.03,0.0,0.0,0.0,0.0,1.0,0.0,1.0
1.67,1.67,0.0,0.45,1.08,0.5,1.22,0.45,0.0,2.34,1.81,0.0,0.18,2.75,0.0,0.0,0.0,0.0,0.0,0.0,0.0
1.67,1.67,0.0,0.45,0.93,0.0,0.33,0.45,0.0,0.67,0.65,0.0,0.0,1.67,0.0,0.0,0.0,1.0,1.0,0.0,0.0
1.67,1.67,0.0,0.45,0.93,0.0,0.33,0.45,0.0,0.67,0.65,0.0,0.0,1.67,0.0,0.0,0.0,0.0,0.0,0.0,0.0
0.0,0.0,0.0,0.0,0.31,0.09,0.21,0.56,0.72,1.21,0.89,0.0,0.35,0.26,0.0,0.0,0.0,0.0,0.0,0.0,0.0
0.0,0.0,0.0,0.0,0.31,0.09,0.21,0.56,0.72,1.21,0.89,0.0,0.35,0.26,0.0,0.0,1.0,0.0,1.0,0.0,0.0
0.0,0.0,0.0,0.0,0.62,0.18,0.46,1.18,1.8,1.79,1.83,0.0,0.77,0.33,0.0,0.0,0.0,0.0,0.0,0.0,0.0
0.0,0.0,0.0,0.0,0.54,0.23,0.41,1.18,1.97,1.74,1.89,0.0,1.4,0.07,0.0,0.0,0.0,0.0,0.0,0.0,0.0
0.0,0.0,0.0,0.0,0.54,0.23,0.41,1.18,1.97,1.74,1.89,0.0,1.4,0.07,0.0,0.0,0.0,0.0,0.0,0.0,0.0
0.0,0.0,0.0,0.0,0.22,0.14,0.16,0.56,0.89,1.16,0.96,0.0,0.98,0.0,0.0,0.0,0.0,0.0,0.0,0.0,0.0
0.0,0.0,0.0,0.0,0.0,0.0,0.0,0.0,0.0,0.0,0.0,0.0,0.0,0.0,0.0,0.0,0.0,0.0,0.0,0.0,0.0
0.0,0.0,0.0,0.0,0.0,0.0,0.0,0.0,0.0,0.0,0.0,0.0,0.0,0.0,0.0,0.0,0.0,0.0,0.0,0.0,0.0
0.0,0.0,0.0,0.0,0.0,0.0,0.0,0.0,0.0,0.0,0.0,0.0,0.0,0.0,0.0,0.0,0.0,0.0,0.0,0.0,0.0
0.0,0.0,0.0,0.0,0.0,0.0,0.0,0.0,0.0,0.0,0.0,0.0,0.0,0.0,0.0,0.0,0.0,0.0,0.0,0.0,0.0
0.0,0.0,0.0,0.0,0.0,0.0,0.0,0.0,0.0,0.0,0.0,0.0,0.0,0.0,0.0,0.0,0.0,0.0,0.0,0.0,0.0
0.0,0.0,0.0,0.0,0.0,0.0,0.0,0.0,0.0,0.0,0.0,0.0,0.0,0.0,0.0,0.0,0.0,0.0,0.0,0.0,0.0
1.67,1.67,0.0,0.19,0.86,0.0,0.17,0.82,0.0,0.0,0.74,0.0,0.0,1.67,0.0,0.0,0.0,0.0,0.0,0.0,0.0
3.33,3.33,0.0,0.52,1.43,0.0,0.52,1.93,0.58,0.0,1.55,0.0,0.0,3.29,0.0,0.0,0.0,0.0,0.0,0.0,0.0
5.0,5.0,0.0,1.44,1.86,0.0,0.81,2.5,0.58,0.45,2.77,0.0,0.0,4.95,0.0,0.0,1.0,1.0,0.0,0.0,0.0
3.33,3.33,0.0,1.25,1.0,0.0,0.64,1.68,0.58,0.45,2.03,0.0,0.0,3.29,0.0,0.0,1.0,1.0,0.0,0.0,0.0
3.33,3.33,0.0,2.58,0.81,0.0,0.6,1.52,0.51,0.71,2.67,0.0,0.0,3.33,0.0,0.0,1.0,1.0,0.0,0.0,0.0
1.67,1.67,0.0,1.66,0.38,0.0,0.3,0.95,0.51,0.26,1.46,0.0,0.0,1.67,0.0,0.0,1.0,1.0,0.0,0.0,0.0
3.33,3.33,0.0,3.32,0.86,0.0,0.88,0.95,0.51,1.92,2.84,0.0,0.0,2.73,0.0,0.0,0.0,0.0,0.0,0.0,0.0
2.09,1.67,0.0,2.64,0.48,0.0,0.58,0.4,0.0,1.67,2.17,0.0,0.38,1.58,0.0,0.0,0.0,0.0,0.0,0.0,0.0
2.09,1.67,0.0,2.64,0.48,0.0,0.58,0.4,0.0,1.67,2.17,0.0,0.38,1.58,0.0,0.0,0.0,0.0,0.0,0.0,0.0
0.66,0.0,0.0,1.01,0.3,0.0,0.35,0.4,0.0,0.49,1.27,0.27,0.92,1.56,0.0,0.0,0.0,0.0,0.0,0.0,0.0
0.54,0.29,0.0,0.12,0.51,0.0,0.46,0.0,0.0,1.52,0.81,0.71,1.52,2.17,0.0,0.0,0.0,0.0,0.0,0.0,0.0
0.99,0.73,0.0,0.12,0.57,0.0,0.46,0.0,0.0,2.58,1.43,0.71,2.13,3.48,0.0,0.0,0.0,0.0,0.0,0.0,0.0
1.22,1.26,0.0,0.08,0.27,0.0,0.11,0.0,0.0,2.43,1.39,0.77,2.42,3.39,0.0,0.0,0.0,0.0,0.0,0.0,0.0
1.51,1.93,0.04,0.0,0.06,0.0,0.0,0.0,0.0,3.06,1.57,0.46,2.37,2.88,0.0,0.0,0.0,0.0,0.0,0.0,0.0
1.6,2.47,0.17,0.0,0.0,0.0,0.0,0.0,0.0,3.67,1.46,0.5,2.68,2.44,0.0,0.0,0.0,0.0,0.0,0.0,0.0
1.56,2.86,0.34,0.05,0.0,0.0,0.0,0.0,0.0,5.0,1.67,0.61,2.64,1.63,0.0,0.0,0.0,0.0,0.0,0.0,0.0
1.27,2.76,0.51,0.07,0.0,0.0,0.0,0.0,0.0,5.0,1.52,1.49,2.86,1.56,0.0,0.0,0.0,0.0,0.0,0.0,0.0
1.12,2.63,0.64,0.07,0.0,0.0,0.0,0.0,0.0,5.0,1.27,2.16,2.88,0.93,0.0,0.0,0.0,0.0,0.0,0.0,0.0
1.16,2.49,0.9,0.02,0.0,0.0,0.0,0.0,0.0,5.0,1.22,3.02,3.49,1.15,0.0,0.0,0.0,0.0,0.0,0.0,0.0
1.44,2.27,1.37,0.0,0.0,0.0,0.0,0.0,0.0,5.0,1.25,2.91,3.79,1.35,0.0,0.0,0.0,0.0,0.0,0.0,0.0
1.47,1.64,1.98,0.0,0.0,0.0,0.0,0.0,0.0,4.9,1.29,2.29,4.32,1.82,0.0,0.0,0.0,0.0,0.0,0.0,0.0
1.0,0.86,1.57,0.0,0.0,0.0,0.0,0.0,0.0,3.23,0.69,1.0,2.91,1.46,0.0,0.0,0.0,0.0,0.0,0.0,0.0
0.99,0.35,1.65,0.0,0.0,0.0,0.0,0.0,0.04,2.22,0.64,0.09,2.51,1.38,0.0,0.0,0.0,0.0,0.0,0.0,0.0
0.58,0.12,0.77,0.0,0.0,0.0,0.0,0.0,0.04,0.66,0.33,0.0,1.05,0.68,0.0,0.0,0.0,0.0,0.0,0.0,0.0
0.58,0.12,0.77,0.0,0.0,0.0,0.0,0.0,0.04,0.66,0.33,0.0,1.05,0.68,0.0,0.0,0.0,0.0,0.0,0.0,0.0
0.0,0.0,0.0,0.0,0.0,0.0,0.0,0.0,0.0,0.0,0.0,0.0,0.0,0.0,0.0,0.0,0.0,0.0,0.0,0.0,0.0
0.84,0.0,0.76,0.0,0.0,0.0,0.0,0.03,0.18,0.19,0.61,0.0,0.29,0.38,0.0,0.0,0.0,0.0,0.0,0.0,0.0
0.84,0.0,0.76,0.0,0.0,0.0,0.0,0.03,0.18,0.19,0.61,0.0,0.29,0.38,0.0,0.0,0.0,0.0,0.0,0.0,0.0
1.65,0.0,1.46,0.12,0.0,0.0,0.0,0.03,0.22,0.27,1.08,0.0,0.8,0.79,0.0,0.0,0.0,0.0,0.0,0.0,0.0
0.82,0.0,0.7,0.12,0.0,0.0,0.0,0.0,0.05,0.08,0.47,0.0,0.51,0.41,0.0,0.0,0.0,0.0,0.0,0.0,0.0
1.73,0.0,1.17,0.48,0.0,0.0,0.0,0.0,0.05,0.23,1.07,0.0,0.74,0.8,0.0,0.0,0.0,0.0,0.0,0.0,0.0
0.92,0.0,0.47,0.36,0.0,0.0,0.0,0.0,0.0,0.14,0.6,0.0,0.23,0.39,0.0,0.0,0.0,0.0,0.0,0.0,0.0
1.81,0.0,0.76,0.66,0.0,0.0,0.0,0.0,0.0,0.39,1.14,0.0,0.36,0.82,0.0,0.0,0.0,0.0,0.0,0.0,0.0
0.89,0.0,0.29,0.3,0.0,0.0,0.0,0.0,0.0,0.25,0.54,0.0,0.13,0.42,0.0,0.0,0.0,0.0,0.0,0.0,0.0
2.3,0.06,0.49,0.6,0.0,0.0,0.0,0.0,0.0,0.55,0.88,0.0,0.53,1.03,0.0,0.0,0.0,0.0,0.0,0.0,0.0
1.41,0.06,0.2,0.29,0.0,0.0,0.0,0.0,0.0,0.31,0.34,0.0,0.4,0.61,0.0,0.0,0.0,0.0,0.0,0.0,0.0
1.41,0.06,0.2,0.29,0.0,0.0,0.0,0.0,0.0,0.31,0.34,0.0,0.4,0.61,0.0,0.0,0.0,0.0,0.0,0.0,0.0
0.0,0.0,0.0,0.0,0.0,0.0,0.0,0.0,0.0,0.0,0.0,0.0,0.0,0.0,0.0,0.0,0.0,0.0,0.0,0.0,0.0
1.67,0.3,0.48,0.36,0.0,0.0,0.0,0.0,0.22,0.51,0.34,0.0,0.46,0.94,0.23,0.0,0.0,0.0,0.0,0.0,0.0
1.67,0.3,0.48,0.36,0.0,0.0,0.0,0.0,0.22,0.51,0.34,0.0,0.46,0.94,0.23,0.0,0.0,0.0,0.0,0.0,0.0
3.26,0.56,0.87,0.92,0.0,0.0,0.0,0.0,0.49,0.95,0.87,0.0,0.72,2.03,0.36,0.0,0.0,0.0,0.0,0.0,0.0
1.59,0.27,0.39,0.56,0.0,0.0,0.0,0.0,0.27,0.43,0.53,0.0,0.26,1.09,0.13,0.0,0.0,0.0,0.0,0.0,0.0
3.12,0.46,0.69,1.14,0.0,0.0,0.0,0.15,0.63,0.77,1.2,0.0,0.31,1.99,0.25,0.0,0.0,1.0,0.0,0.0,0.0
1.53,0.19,0.3,0.58,0.0,0.0,0.0,0.15,0.36,0.33,0.67,0.0,0.05,0.9,0.12,0.0,0.0,0.0,0.0,0.0,0.0
2.89,0.19,0.42,0.94,0.0,0.0,0.0,0.52,0.86,0.64,1.34,0.0,0.05,1.62,0.26,0.0,0.0,1.0,0.0,0.0,0.0
1.36,0.0,0.12,0.35,0.0,0.0,0.0,0.37,0.5,0.3,0.67,0.0,0.0,0.72,0.14,0.0,0.0,0.0,0.0,0.0,0.0
2.12,0.0,0.15,0.4,0.0,0.0,0.02,0.99,1.26,0.77,1.44,0.0,0.0,1.25,0.45,0.0,0.0,1.0,0.0,0.0,0.0
0.76,0.0,0.03,0.05,0.0,0.0,0.02,0.61,0.76,0.47,0.77,0.0,0.0,0.53,0.31,0.0,0.0,0.0,0.0,0.0,0.0
1.09,0.0,0.1,0.05,0.0,0.0,0.41,1.37,1.84,1.33,1.49,0.1,0.29,0.84,0.81,0.0,0.0,1.0,0.0,0.0,0.0
0.33,0.0,0.07,0.0,0.0,0.0,0.39,0.76,1.09,0.87,0.72,0.1,0.29,0.32,0.5,0.0,0.0,0.0,0.0,0.0,0.0
0.73,0.0,0.58,0.0,0.0,0.0,0.73,1.51,2.07,1.82,1.17,0.18,0.98,0.43,0.97,0.0,0.0,0.0,0.0,0.0,0.0
0.4,0.0,0.51,0.0,0.0,0.0,0.34,0.75,0.99,0.96,0.45,0.08,0.69,0.11,0.48,0.0,0.0,0.0,0.0,0.0,0.0
0.7,0.0,1.26,0.0,0.0,0.0,0.55,1.42,1.89,1.83,0.62,0.24,1.43,0.17,0.62,0.0,0.0,0.0,0.0,0.0,0.0
0.3,0.0,0.75,0.0,0.0,0.0,0.21,0.68,0.9,0.87,0.17,0.16,0.74,0.06,0.15,0.0,0.0,0.0,0.0,0.0,0.0
0.3,0.0,1.47,0.0,0.0,0.0,0.45,1.36,1.87,1.51,0.3,0.17,1.44,0.06,0.33,0.0,0.0,0.0,0.0,0.0,0.0
0.0,0.0,0.72,0.0,0.0,0.0,0.25,0.69,0.97,0.64,0.13,0.01,0.7,0.0,0.18,0.0,0.0,0.0,0.0,0.0,0.0
0.0,0.0,1.3,0.0,0.0,0.0,0.38,1.36,1.75,1.26,0.21,0.01,1.39,0.0,0.31,0.0,0.0,0.0,0.0,0.0,0.0
0.0,0.0,0.57,0.0,0.0,0.0,0.14,0.68,0.78,0.62,0.08,0.0,0.69,0.0,0.13,0.0,0.0,0.0,0.0,0.0,0.0
0.0,0.0,0.94,0.0,0.0,0.02,0.15,1.32,1.37,1.38,0.12,0.0,1.55,0.0,0.13,0.0,0.0,0.0,0.0,0.0,0.0
0.0,0.0,0.37,0.0,0.0,0.02,0.01,0.64,0.6,0.76,0.04,0.0,0.86,0.0,0.0,0.0,0.0,0.0,0.0,0.0,0.0
0.0,0.0,0.56,0.0,0.0,0.02,0.06,1.4,1.21,1.45,0.04,0.0,1.69,0.0,0.0,0.0,0.0,0.0,0.0,0.0,0.0
0.0,0.0,0.2,0.0,0.0,0.0,0.05,0.76,0.61,0.68,0.0,0.0,0.84,0.0,0.0,0.0,0.0,0.0,0.0,0.0,0.0
0.0,0.0,0.38,0.0,0.12,0.03,0.3,1.62,0.99,1.2,0.0,0.0,1.93,0.0,0.0,0.0,0.0,0.0,0.0,0.0,0.0
0.0,0.0,0.18,0.0,0.12,0.03,0.25,0.86,0.38,0.52,0.0,0.0,1.09,0.0,0.0,0.0,0.0,0.0,0.0,0.0,0.0
0.0,0.0,0.41,0.0,0.33,0.15,0.51,1.73,0.63,0.96,0.0,0.0,1.71,0.0,0.0,0.0,1.0,0.0,0.0,0.0,0.0
0.0,0.0,0.23,0.0,0.21,0.12,0.26,0.87,0.25,0.45,0.0,0.0,0.62,0.0,0.0,0.0,0.0,0.0,0.0,0.0,0.0
0.0,0.0,0.54,0.0,0.41,0.33,0.4,1.68,0.53,0.82,0.0,0.0,1.1,0.0,0.0,0.0,1.0,0.0,0.0,0.0,0.0
0.0,0.0,0.3,0.0,0.2,0.21,0.14,0.81,0.29,0.37,0.0,0.0,0.48,0.0,0.0,0.0,0.0,0.0,0.0,0.0,0.0
0.0,0.0,0.7,0.0,0.39,0.3,0.27,1.69,0.66,0.54,0.0,0.0,0.95,0.0,0.0,0.0,1.0,0.0,0.0,0.0,0.0
0.0,0.0,0.39,0.0,0.19,0.09,0.13,0.89,0.37,0.17,0.0,0.0,0.47,0.0,0.0,0.0,0.0,0.0,0.0,0.0,0.0
0.0,0.0,0.88,0.0,0.4,0.09,0.43,1.92,0.99,0.19,0.11,0.0,0.93,0.0,0.0,0.0,1.0,0.0,0.0,0.0,0.0
0.0,0.0,0.49,0.0,0.21,0.0,0.3,1.03,0.62,0.01,0.11,0.0,0.46,0.0,0.0,0.0,0.0,0.0,0.0,0.0,0.0
0.0,0.0,1.07,0.0,0.35,0.0,0.74,2.06,1.49,0.05,0.39,0.0,0.72,0.0,0.0,0.0,1.0,0.0,0.0,0.0,0.0
0.0,0.0,0.59,0.0,0.14,0.0,0.44,1.03,0.87,0.04,0.28,0.0,0.27,0.0,0.0,0.0,0.0,0.0,0.0,0.0,0.0
0.0,0.0,0.89,0.0,0.2,0.0,1.08,2.0,1.76,0.16,0.61,0.0,0.27,0.0,0.0,0.0,1.0,0.0,0.0,0.0,0.0
0.0,0.0,0.31,0.0,0.06,0.0,0.64,0.98,0.89,0.12,0.34,0.0,0.0,0.0,0.0,0.0,0.0,0.0,0.0,0.0,0.0
0.0,0.0,0.71,0.0,0.06,0.0,1.22,1.78,1.63,0.25,0.75,0.0,0.0,0.0,0.0,0.0,1.0,0.0,0.0,0.0,0.0
0.0,0.0,0.4,0.0,0.0,0.0,0.57,0.8,0.74,0.13,0.41,0.0,0.0,0.0,0.0,0.0,0.0,0.0,0.0,0.0,0.0
0.0,0.0,0.89,0.0,0.0,0.0,1.01,1.47,1.37,0.28,0.78,0.0,0.08,0.0,0.0,0.0,0.0,0.0,0.0,0.0,0.0
0.0,0.0,0.48,0.0,0.0,0.0,0.44,0.66,0.62,0.15,0.36,0.0,0.08,0.0,0.0,0.0,0.0,0.0,0.0,0.0,0.0
0.08,0.0,0.99,0.0,0.0,0.12,1.07,1.0,0.96,0.41,0.77,0.0,0.94,0.54,0.0,0.0,0.0,1.0,0.0,0.0,0.0
0.08,0.0,0.51,0.0,0.0,0.12,0.63,0.34,0.34,0.26,0.41,0.0,0.86,0.54,0.0,0.0,0.0,0.0,0.0,0.0,0.0
0.28,0.0,1.0,0.11,0.0,0.3,1.12,0.43,0.5,0.41,0.99,0.0,1.87,1.28,0.0,0.0,0.0,1.0,0.0,0.0,0.0
0.2,0.0,0.49,0.11,0.0,0.18,0.49,0.1,0.17,0.16,0.58,0.0,1.01,0.74,0.0,0.0,0.0,0.0,0.0,0.0,0.0
0.45,0.0,0.89,0.18,0.0,0.38,0.86,0.11,0.65,0.2,1.14,0.0,2.03,1.59,0.0,1.0,0.0,1.0,0.0,0.0,0.0
0.25,0.0,0.4,0.07,0.0,0.2,0.37,0.01,0.48,0.04,0.57,0.0,1.02,0.85,0.0,0.0,0.0,0.0,0.0,0.0,0.0
0.69,0.0,0.82,0.19,0.0,0.44,0.7,0.05,1.09,0.04,1.14,0.0,2.05,1.65,0.0,1.0,0.0,1.0,1.0,0.0,0.0
0.44,0.0,0.42,0.13,0.0,0.24,0.33,0.04,0.6,0.0,0.57,0.0,1.03,0.8,0.0,0.0,0.0,0.0,0.0,0.0,0.0
0.82,0.0,0.86,0.23,0.0,0.48,0.75,0.07,1.3,0.0,1.2,0.0,2.0,1.42,0.0,1.0,0.0,1.0,1.0,0.0,0.0
0.38,0.0,0.44,0.1,0.0,0.24,0.42,0.03,0.7,0.0,0.63,0.0,0.97,0.63,0.0,0.0,0.0,0.0,0.0,0.0,0.0
0.55,0.0,0.93,0.22,0.0,0.49,0.74,0.03,1.43,0.0,1.31,0.0,1.96,1.24,0.0,1.0,0.0,1.0,1.0,0.0,0.0
0.17,0.0,0.5,0.12,0.0,0.25,0.32,0.0,0.73,0.0,0.68,0.0,0.99,0.62,0.0,0.0,0.0,0.0,0.0,0.0,0.0
0.5,0.0,1.16,0.19,0.0,0.46,0.6,0.0,1.53,0.07,1.4,0.0,1.91,1.18,0.0,1.0,0.0,1.0,1.0,0.0,0.0
0.33,0.0,0.66,0.07,0.0,0.21,0.29,0.0,0.8,0.07,0.72,0.0,0.92,0.56,0.0,0.0,0.0,0.0,0.0,0.0,0.0
0.72,0.0,1.32,0.19,0.0,0.44,0.52,0.0,1.58,0.09,1.34,0.0,1.65,1.08,0.0,1.0,0.0,1.0,1.0,0.0,0.0
0.4,0.0,0.66,0.12,0.0,0.23,0.24,0.0,0.78,0.02,0.61,0.0,0.73,0.51,0.0,0.0,0.0,0.0,0.0,0.0,0.0
0.79,0.0,1.21,0.12,0.0,0.51,0.58,0.0,1.56,0.11,1.18,0.0,1.37,0.97,0.0,1.0,0.0,1.0,1.0,0.0,0.0
0.4,0.0,0.55,0.0,0.0,0.27,0.34,0.0,0.78,0.09,0.57,0.0,0.64,0.46,0.0,0.0,0.0,0.0,0.0,0.0,0.0
0.78,0.0,1.12,0.0,0.0,0.59,0.71,0.0,1.69,0.42,1.06,0.0,1.46,0.8,0.0,1.0,0.0,1.0,1.0,0.0,0.0
0.38,0.0,0.57,0.0,0.0,0.32,0.37,0.0,0.91,0.33,0.49,0.0,0.82,0.35,0.0,0.0,0.0,0.0,0.0,0.0,0.0
0.69,0.0,1.16,0.14,0.0,0.72,0.69,0.0,1.81,0.74,1.14,0.0,1.51,0.66,0.0,1.0,0.0,1.0,1.0,0.0,0.0
0.3,0.0,0.59,0.14,0.0,0.4,0.32,0.0,0.9,0.41,0.65,0.0,0.69,0.32,0.0,0.0,0.0,0.0,0.0,0.0,0.0
0.61,0.0,1.35,0.33,0.0,0.89,0.56,0.0,1.8,0.58,1.3,0.0,1.15,0.77,0.0,1.0,0.0,1.0,1.0,0.0,0.0
0.3,0.0,0.76,0.19,0.0,0.48,0.24,0.0,0.9,0.17,0.65,0.0,0.46,0.46,0.0,0.0,0.0,0.0,0.0,0.0,0.0
0.65,0.0,1.58,0.39,0.0,0.91,0.5,0.0,1.85,0.4,1.29,0.0,0.96,0.79,0.0,1.0,0.0,1.0,1.0,0.0,0.0
0.34,0.0,0.82,0.2,0.0,0.43,0.26,0.0,0.95,0.23,0.65,0.0,0.5,0.33,0.0,0.0,0.0,0.0,0.0,0.0,0.0
0.66,0.0,1.61,0.34,0.0,1.04,0.51,0.0,1.8,0.46,1.34,0.03,0.87,0.58,0.0,1.0,0.0,1.0,1.0,0.0,0.0
0.31,0.0,0.79,0.14,0.0,0.62,0.24,0.0,0.85,0.23,0.69,0.03,0.37,0.25,0.0,0.0,0.0,0.0,0.0,0.0,0.0
0.32,0.0,1.43,0.26,0.0,1.32,0.31,0.0,1.55,0.63,1.3,0.03,0.79,0.49,0.0,1.0,0.0,1.0,1.0,0.0,0.0
0.0,0.0,0.64,0.12,0.0,0.71,0.07,0.0,0.7,0.39,0.61,0.0,0.42,0.24,0.0,0.0,0.0,0.0,0.0,0.0,0.0
0.0,0.0,1.24,0.26,0.0,1.64,0.08,0.0,1.22,0.77,1.07,0.0,0.92,0.52,0.0,1.0,0.0,1.0,0.0,0.0,0.0
0.0,0.0,0.59,0.14,0.0,0.93,0.01,0.0,0.52,0.38,0.46,0.0,0.5,0.28,0.0,0.0,0.0,0.0,0.0,0.0,0.0
0.0,0.0,1.24,0.26,0.0,2.25,0.01,0.0,0.52,0.76,1.93,0.03,0.5,0.72,0.0,0.0,0.0,0.0,0.0,0.0,0.0
0.0,0.0,0.64,0.12,0.0,1.32,0.0,0.0,0.0,0.38,1.48,0.03,0.0,0.44,0.0,0.0,0.0,0.0,0.0,0.0,0.0
0.0,0.0,0.64,0.12,0.0,1.32,0.0,0.0,0.0,0.38,1.48,0.03,0.0,0.44,0.0,0.0,0.0,0.0,0.0,0.0,0.0
0.0,0.0,0.0,0.0,0.0,0.0,0.0,0.0,0.0,0.0,0.0,0.0,0.0,0.0,0.0,0.0,0.0,0.0,0.0,0.0,0.0
0.0,0.0,0.0,0.0,0.0,0.0,0.0,0.0,0.0,0.0,0.0,0.0,0.0,0.0,0.0,0.0,0.0,0.0,0.0,0.0,0.0
0.0,0.0,0.0,0.0,0.0,0.0,0.0,0.0,0.0,0.0,0.0,0.0,0.0,0.0,0.0,0.0,0.0,0.0,0.0,0.0,0.0
0.0,0.0,0.0,0.0,0.0,0.0,0.0,0.0,0.0,0.0,0.0,0.0,0.0,0.0,0.0,0.0,0.0,0.0,0.0,0.0,0.0
0.0,0.0,0.0,0.0,0.0,0.0,0.0,0.0,0.0,0.0,0.0,0.0,0.0,0.0,0.0,0.0,0.0,0.0,0.0,0.0,0.0
0.0,0.0,0.83,0.0,0.0,1.34,0.0,0.0,0.0,0.38,1.41,0.0,0.0,0.37,0.0,0.0,0.0,0.0,0.0,0.0,0.0
0.0,0.0,0.83,0.0,0.0,1.34,0.0,0.0,0.0,0.38,1.41,0.0,0.0,0.37,0.0,0.0,0.0,0.0,0.0,0.0,0.0
0.0,0.0,0.83,0.0,0.0,1.34,0.0,0.0,0.0,0.38,1.41,0.0,0.0,0.37,0.0,0.0,0.0,0.0,0.0,0.0,0.0
0.0,0.0,0.0,0.0,0.0,0.0,0.0,0.0,0.0,0.0,0.0,0.0,0.0,0.0,0.0,0.0,0.0,0.0,0.0,0.0,0.0
0.0,0.0,0.0,0.0,0.0,0.0,0.0,0.0,0.0,0.0,0.0,0.0,0.0,0.0,0.0,0.0,0.0,0.0,0.0,0.0,0.0
0.0,0.0,0.0,0.0,0.0,0.0,0.0,0.0,0.0,0.0,0.0,0.0,0.0,0.0,0.0,0.0,0.0,0.0,0.0,0.0,0.0
0.0,0.0,0.0,0.0,0.0,0.0,0.0,0.0,0.0,0.0,0.0,0.0,0.0,0.0,0.0,0.0,0.0,0.0,0.0,0.0,0.0
0.0,0.0,0.0,0.0,0.0,0.0,0.0,0.0,0.0,0.0,0.0,0.0,0.0,0.0,0.0,0.0,0.0,0.0,0.0,0.0,0.0
0.0,0.0,0.36,0.0,0.0,0.22,0.0,0.0,0.24,0.0,0.47,0.1,0.08,0.57,0.0,0.0,0.0,0.0,0.0,0.0,0.0
0.0,0.0,0.95,0.0,0.0,0.78,0.0,0.0,0.48,0.0,1.1,0.19,0.43,1.25,0.0,0.0,0.0,0.0,0.0,0.0,0.0
0.0,0.0,1.42,0.0,0.0,1.45,0.0,0.0,0.61,0.0,1.8,0.19,0.84,1.91,0.0,0.0,0.0,0.0,0.0,0.0,0.0
0.0,0.0,1.57,0.0,0.0,2.05,0.0,0.0,0.52,0.0,2.03,0.09,1.12,2.14,0.0,0.0,0.0,0.0,0.0,0.0,0.0
0.0,0.0,1.59,0.0,0.0,2.29,0.0,0.0,0.44,0.0,2.18,0.0,1.14,2.15,0.0,0.0,0.0,0.0,0.0,0.0,0.0
0.0,0.0,1.59,0.0,0.0,2.51,0.0,0.0,0.51,0.0,2.37,0.0,1.0,2.25,0.0,0.0,0.0,0.0,0.0,0.0,0.0
0.0,0.0,1.48,0.0,0.0,2.52,0.06,0.0,0.42,0.0,2.56,0.0,0.91,2.26,0.0,0.0,0.0,0.0,0.0,0.0,0.0
0.0,0.0,1.24,0.0,0.0,2.59,0.09,0.0,0.36,0.0,2.68,0.0,0.73,2.32,0.0,0.0,0.0,0.0,0.0,0.0,0.0
0.0,0.0,1.21,0.0,0.0,2.56,0.28,0.0,0.28,0.0,2.72,0.0,0.67,2.35,0.0,1.0,0.0,0.0,0.0,0.0,0.0
0.0,0.0,1.38,0.0,0.0,2.63,0.33,0.0,0.35,0.0,2.81,0.0,0.53,2.37,0.0,1.0,0.0,0.0,0.0,0.0,0.0
0.0,0.0,1.56,0.0,0.0,2.72,0.39,0.0,0.37,0.0,2.84,0.0,0.49,2.43,0.0,1.0,0.0,0.0,0.0,0.0,0.0
0.0,0.0,1.65,0.0,0.0,2.82,0.23,0.0,0.4,0.0,2.9,0.0,0.42,2.4,0.0,1.0,0.0,0.0,0.0,0.0,0.0
0.0,0.0,1.55,0.0,0.0,2.9,0.19,0.0,0.31,0.0,2.94,0.0,0.42,2.36,0.0,1.0,0.0,0.0,0.0,0.0,0.0
0.0,0.0,1.52,0.0,0.0,2.89,0.15,0.0,0.2,0.0,3.02,0.0,0.41,2.36,0.0,1.0,0.0,0.0,0.0,0.0,0.0
0.0,0.0,1.54,0.0,0.0,2.9,0.18,0.0,0.05,0.0,3.0,0.0,0.39,2.46,0.0,1.0,0.0,0.0,0.0,0.0,0.0
0.0,0.0,1.5,0.0,0.0,2.79,0.19,0.0,0.0,0.0,2.94,0.0,0.41,2.54,0.0,1.0,0.0,0.0,0.0,0.0,0.0
0.0,0.0,1.54,0.0,0.0,2.76,0.16,0.0,0.0,0.0,2.89,0.0,0.34,2.53,0.0,1.0,0.0,0.0,0.0,0.0,0.0
0.0,0.0,1.52,0.0,0.0,2.74,0.12,0.0,0.0,0.0,2.97,0.0,0.35,2.49,0.0,1.0,0.0,0.0,0.0,0.0,0.0
0.0,0.0,1.61,0.0,0.0,2.79,0.04,0.0,0.0,0.0,3.05,0.0,0.3,2.48,0.0,1.0,0.0,0.0,0.0,0.0,0.0
0.0,0.0,1.58,0.0,0.0,2.76,0.02,0.0,0.0,0.0,3.13,0.0,0.35,2.55,0.0,1.0,0.0,0.0,0.0,0.0,0.0
0.0,0.0,1.63,0.0,0.0,2.68,0.0,0.0,0.0,0.02,3.12,0.0,0.41,2.6,0.0,1.0,0.0,0.0,0.0,0.0,0.0
0.0,0.0,1.68,0.0,0.0,2.69,0.0,0.0,0.0,0.03,3.08,0.0,0.4,2.68,0.0,1.0,0.0,0.0,0.0,0.0,0.0
0.0,0.0,1.76,0.0,0.0,2.72,0.0,0.0,0.0,0.12,3.05,0.0,0.39,2.7,0.0,1.0,0.0,0.0,0.0,0.0,0.0
0.0,0.0,1.71,0.0,0.0,2.75,0.0,0.0,0.0,0.14,3.06,0.0,0.28,2.7,0.0,1.0,0.0,0.0,0.0,0.0,0.0
0.0,0.0,1.69,0.05,0.0,2.67,0.0,0.0,0.0,0.19,3.07,0.0,0.21,2.66,0.0,1.0,0.0,0.0,0.0,0.0,0.0
0.0,0.0,1.53,0.05,0.0,2.55,0.0,0.0,0.0,0.17,3.05,0.0,0.1,2.67,0.0,1.0,0.0,0.0,0.0,0.0,0.0
0.0,0.0,1.53,0.05,0.0,2.45,0.0,0.0,0.0,0.12,3.02,0.0,0.03,2.71,0.0,0.0,0.0,0.0,0.0,0.0,0.0
0.0,0.0,1.57,0.0,0.0,2.36,0.0,0.0,0.0,0.07,3.1,0.0,0.0,3.0,0.0,0.0,0.0,0.0,0.0,0.0,0.0
0.0,0.0,1.59,0.0,0.0,2.24,0.0,0.0,0.0,0.0,3.19,0.0,0.0,3.35,0.0,0.0,0.0,0.0,0.0,0.0,0.0
0.0,0.0,1.55,0.01,0.0,2.14,0.0,0.0,0.0,0.0,3.21,0.0,0.0,3.63,0.0,0.0,0.0,0.0,0.0,0.0,0.0
0.0,0.0,1.49,0.01,0.0,2.06,0.0,0.0,0.0,0.0,3.21,0.0,0.0,3.72,0.0,0.0,0.0,0.0,0.0,0.0,0.0
0.0,0.0,1.6,0.01,0.0,2.13,0.0,0.0,0.0,0.0,3.3,0.0,0.0,3.73,0.0,0.0,0.0,0.0,0.0,0.0,0.0
0.0,0.0,1.71,0.0,0.0,2.16,0.0,0.0,0.0,0.0,3.43,0.0,0.0,3.8,0.0,0.0,0.0,0.0,0.0,0.0,0.0
0.0,0.0,1.8,0.0,0.0,2.21,0.0,0.0,0.08,0.0,3.65,0.0,0.0,3.74,0.0,0.0,0.0,0.0,0.0,0.0,0.0
0.0,0.0,1.8,0.0,0.0,2.18,0.0,0.0,0.16,0.0,3.73,0.0,0.0,3.6,0.0,0.0,0.0,0.0,0.0,0.0,0.0
0.0,0.0,1.99,0.0,0.0,2.16,0.0,0.0,0.32,0.0,3.85,0.0,0.0,3.47,0.0,0.0,0.0,0.0,0.0,0.0,0.0
0.0,0.0,2.12,0.0,0.0,2.09,0.0,0.0,0.39,0.0,3.88,0.0,0.0,3.45,0.0,1.0,0.0,0.0,0.0,0.0,0.0
0.0,0.0,2.21,0.0,0.0,1.91,0.0,0.0,0.38,0.0,3.99,0.0,0.0,3.4,0.0,1.0,0.0,0.0,0.0,0.0,0.0
0.0,0.0,2.19,0.0,0.0,1.76,0.0,0.0,0.33,0.0,4.01,0.0,0.0,3.42,0.0,1.0,0.0,0.0,0.0,0.0,0.0
0.0,0.0,2.21,0.0,0.0,1.59,0.0,0.0,0.25,0.0,3.99,0.0,0.0,3.46,0.0,1.0,0.0,0.0,0.0,0.0,0.0
0.0,0.0,2.24,0.06,0.0,1.51,0.0,0.0,0.19,0.0,3.97,0.0,0.0,3.56,0.0,1.0,0.0,0.0,0.0,0.0,0.0
0.0,0.0,2.11,0.06,0.0,1.34,0.0,0.0,0.21,0.0,4.12,0.0,0.0,3.56,0.0,1.0,0.0,0.0,0.0,0.0,0.0
0.0,0.0,1.84,0.07,0.0,1.23,0.0,0.0,0.14,0.0,4.16,0.0,0.0,3.43,0.0,1.0,0.0,0.0,0.0,0.0,0.0
0.0,0.0,1.68,0.0,0.0,1.17,0.0,0.0,0.13,0.0,4.12,0.0,0.0,3.38,0.0,1.0,0.0,0.0,0.0,0.0,0.0
0.0,0.0,1.7,0.0,0.0,1.07,0.0,0.0,0.0,0.0,3.91,0.0,0.0,3.31,0.0,0.0,0.0,0.0,0.0,0.0,0.0
0.0,0.0,1.87,0.0,0.0,0.84,0.0,0.0,0.0,0.0,3.77,0.0,0.0,3.3,0.0,0.0,0.0,0.0,0.0,0.0,0.0
0.0,0.0,1.92,0.03,0.0,0.66,0.0,0.0,0.0,0.0,3.79,0.0,0.0,3.31,0.0,0.0,0.0,0.0,0.0,0.0,0.0
0.0,0.0,1.72,0.03,0.0,0.4,0.0,0.0,0.0,0.02,3.91,0.0,0.0,3.15,0.0,0.0,0.0,0.0,0.0,0.0,0.0
0.0,0.0,1.43,0.03,0.0,0.24,0.0,0.0,0.0,0.02,4.06,0.0,0.0,2.97,0.0,0.0,0.0,1.0,0.0,0.0,0.0
0.0,0.0,1.0,0.0,0.0,0.04,0.0,0.0,0.0,0.02,4.0,0.0,0.0,2.76,0.0,0.0,0.0,1.0,0.0,0.0,0.0
0.0,0.0,0.76,0.0,0.0,0.0,0.0,0.0,0.0,0.01,3.99,0.0,0.0,2.57,0.0,0.0,0.0,1.0,0.0,0.0,0.0
0.0,0.0,0.62,0.0,0.0,0.0,0.0,0.0,0.0,0.01,3.93,0.0,0.0,2.34,0.0,0.0,0.0,1.0,1.0,0.0,0.0
0.0,0.0,0.66,0.0,0.0,0.0,0.0,0.0,0.0,0.01,4.02,0.0,0.0,2.08,0.0,0.0,0.0,1.0,1.0,0.0,0.0
0.0,0.0,0.5,0.0,0.0,0.0,0.0,0.0,0.0,0.0,4.01,0.0,0.0,2.02,0.0,0.0,0.0,1.0,1.0,0.0,0.0
0.0,0.0,0.26,0.09,0.0,0.0,0.0,0.0,0.0,0.0,3.96,0.0,0.0,1.99,0.0,0.0,0.0,1.0,1.0,0.0,0.0
0.0,0.0,0.06,0.13,0.0,0.0,0.0,0.0,0.08,0.0,3.88,0.0,0.0,1.98,0.0,0.0,0.0,1.0,1.0,0.0,0.0
0.0,0.0,0.0,0.21,0.0,0.0,0.0,0.0,0.12,0.0,3.77,0.0,0.0,1.84,0.0,0.0,0.0,1.0,1.0,0.0,0.0
0.0,0.0,0.0,0.12,0.0,0.0,0.04,0.0,0.12,0.0,3.73,0.0,0.0,1.84,0.0,0.0,0.0,1.0,1.0,0.0,0.0
0.0,0.0,0.0,0.08,0.44,0.0,0.45,0.12,0.04,0.79,2.75,0.44,0.22,1.36,0.0,0.0,0.0,1.0,1.0,0.0,0.0
0.0,0.0,0.0,0.0,0.88,0.0,0.85,0.25,0.0,1.59,1.87,0.75,0.56,1.2,0.0,0.0,0.0,0.0,0.0,0.0,0.0
0.0,0.0,0.0,0.0,1.27,0.0,1.3,0.43,0.23,2.01,0.91,0.96,0.96,0.98,0.0,0.0,0.0,0.0,0.0,0.0,0.0
0.0,0.0,0.01,0.0,1.21,0.0,1.32,0.45,0.51,1.91,0.93,0.58,0.85,1.1,0.0,0.0,0.0,0.0,0.0,0.0,0.0
0.0,0.0,0.01,0.0,0.98,0.0,1.24,0.31,0.75,1.79,1.13,0.5,0.61,1.21,0.0,0.0,0.0,0.0,0.0,0.0,0.0
0.0,0.0,0.03,0.0,0.77,0.0,1.03,0.14,0.51,1.99,1.58,0.82,0.27,1.33,0.0,0.0,0.0,0.0,0.0,0.0,0.0
0.0,0.0,0.09,0.0,0.56,0.0,0.97,0.0,0.24,2.24,1.95,1.18,0.17,1.56,0.0,0.0,0.0,0.0,0.0,0.0,0.0
0.0,0.0,0.12,0.0,0.51,0.0,1.0,0.0,0.1,2.32,2.06,1.42,0.07,1.64,0.0,0.0,0.0,0.0,0.0,0.0,0.0
0.0,0.0,0.12,0.0,0.44,0.0,1.1,0.0,0.1,2.43,1.98,1.32,0.18,1.5,0.0,0.0,0.0,0.0,0.0,0.0,0.0
0.0,0.0,0.06,0.0,0.39,0.0,1.2,0.0,0.12,2.14,1.94,1.15,0.18,1.43,0.0,0.0,0.0,0.0,0.0,0.0,0.0
0.0,0.0,0.07,0.0,0.31,0.0,1.22,0.0,0.02,1.9,2.03,1.07,0.18,1.38,0.0,0.0,0.0,0.0,0.0,0.0,0.0
0.0,0.0,0.06,0.0,0.28,0.0,1.21,0.0,0.02,1.69,2.15,1.14,0.0,1.67,0.0,0.0,0.0,0.0,0.0,0.0,0.0
0.0,0.0,0.08,0.0,0.28,0.0,1.23,0.0,0.0,1.51,2.24,1.35,0.12,1.73,0.0,0.0,0.0,0.0,0.0,0.0,0.0
0.0,0.0,0.07,0.0,0.34,0.0,1.33,0.0,0.12,1.65,2.28,1.44,0.15,1.57,0.0,0.0,0.0,0.0,0.0,0.0,0.0
0.0,0.0,0.05,0.0,0.4,0.0,1.36,0.0,0.12,2.16,2.1,1.21,0.15,1.11,0.0,0.0,0.0,0.0,0.0,0.0,0.0
0.0,0.0,0.04,0.0,0.38,0.0,1.23,0.0,0.12,2.51,1.96,1.01,0.03,0.94,0.0,0.0,0.0,0.0,0.0,0.0,0.0
0.0,0.0,0.02,0.0,0.26,0.0,1.06,0.0,0.0,2.91,1.85,0.84,0.0,1.03,0.0,0.0,0.0,0.0,0.0,1.0,0.0
0.0,0.0,0.08,0.0,0.12,0.0,1.04,0.0,0.0,2.59,1.93,0.77,0.0,1.38,0.0,0.0,0.0,1.0,0.0,1.0,0.0
0.0,0.0,0.13,0.0,0.03,0.0,0.99,0.0,0.0,2.66,1.95,0.91,0.0,1.58,0.0,0.0,0.0,1.0,0.0,1.0,0.0
0.0,0.0,0.19,0.0,0.03,0.0,0.98,0.0,0.0,2.52,2.06,1.21,0.0,1.75,0.0,0.0,0.0,1.0,0.0,1.0,0.0
0.0,0.0,0.2,0.0,0.03,0.0,1.07,0.0,0.0,2.93,2.31,1.47,0.0,1.83,0.0,0.0,0.0,1.0,0.0,1.0,0.0
0.0,0.0,0.21,0.0,0.03,0.05,1.1,0.0,0.0,2.64,2.53,1.55,0.0,1.93,0.0,0.0,0.0,1.0,0.0,1.0,0.0
0.0,0.0,0.21,0.0,0.0,0.08,1.1,0.0,0.0,2.39,2.52,1.58,0.0,1.86,0.0,0.0,0.0,1.0,0.0,1.0,0.0
0.0,0.0,0.17,0.0,0.0,0.12,0.97,0.0,0.0,1.83,2.36,1.69,0.0,1.81,0.0,0.0,0.0,1.0,0.0,0.0,0.0
0.0,0.0,0.21,0.0,0.06,0.15,1.04,0.0,0.0,1.93,2.28,2.01,0.0,1.82,0.0,0.0,0.0,1.0,0.0,0.0,0.0
0.0,0.0,0.17,0.0,0.06,0.19,1.19,0.0,0.0,1.84,2.27,1.77,0.0,1.83,0.0,0.0,0.0,1.0,0.0,0.0,0.0
0.0,0.0,0.2,0.0,0.06,0.18,1.1,0.0,0.0,1.83,2.26,1.57,0.0,1.93,0.0,0.0,0.0,1.0,0.0,1.0,0.0
0.0,0.0,0.16,0.0,0.0,0.12,1.02,0.0,0.0,1.94,2.2,1.37,0.0,1.93,0.0,0.0,0.0,1.0,0.0,1.0,0.0
0.0,0.0,0.13,0.0,0.0,0.11,0.91,0.0,0.0,2.19,2.18,1.55,0.0,2.0,0.0,0.0,0.0,1.0,0.0,1.0,0.0
0.0,0.0,0.07,0.0,0.0,0.08,0.94,0.0,0.0,2.52,2.2,1.69,0.0,1.91,0.0,0.0,0.0,1.0,0.0,1.0,0.0
0.0,0.0,0.01,0.0,0.0,0.06,0.87,0.0,0.0,2.42,2.13,1.63,0.0,1.77,0.0,0.0,0.0,1.0,0.0,1.0,0.0
0.0,0.0,0.0,0.0,0.0,0.0,0.83,0.0,0.0,2.36,2.17,1.54,0.0,1.75,0.0,0.0,0.0,1.0,0.0,1.0,0.0
0.0,0.0,0.0,0.0,0.0,0.0,0.88,0.0,0.0,2.26,2.2,1.46,0.0,1.75,0.0,0.0,0.0,1.0,0.0,1.0,0.0
0.0,0.0,0.0,0.0,0.0,0.0,0.96,0.0,0.0,2.48,2.28,1.36,0.0,1.86,0.0,0.0,0.0,1.0,0.0,1.0,0.0
0.0,0.0,0.0,0.0,0.02,0.0,0.96,0.0,0.0,2.49,2.12,1.28,0.0,1.79,0.0,0.0,0.0,1.0,0.0,1.0,0.0
0.0,0.0,0.0,0.0,0.05,0.0,0.93,0.0,0.08,2.44,1.92,1.15,0.0,1.78,0.0,0.0,0.0,1.0,0.0,1.0,0.0
0.0,0.0,0.0,0.0,0.08,0.0,0.89,0.0,0.08,2.22,1.75,1.02,0.0,1.94,0.0,0.0,0.0,1.0,0.0,1.0,0.0
0.0,0.0,0.06,0.0,0.06,0.0,0.87,0.0,0.08,1.98,1.74,0.85,0.0,2.08,0.0,0.0,0.0,1.0,0.0,1.0,0.0
0.0,0.0,0.06,0.0,0.03,0.0,0.91,0.0,0.0,1.74,1.81,0.74,0.0,2.32,0.0,0.0,0.0,1.0,0.0,1.0,0.0
0.0,0.0,0.06,0.0,0.0,0.0,0.96,0.0,0.0,1.52,1.94,0.85,0.0,2.27,0.0,0.0,0.0,1.0,0.0,1.0,0.0
0.0,0.0,0.0,0.0,0.0,0.0,1.07,0.0,0.0,1.39,2.12,0.8,0.0,2.42,0.0,0.0,0.0,1.0,0.0,1.0,0.0
0.0,0.0,0.0,0.0,0.0,0.0,1.01,0.0,0.14,1.79,2.11,0.93,0.0,2.17,0.0,0.0,0.0,1.0,0.0,1.0,0.0
0.0,0.0,0.1,0.0,0.0,0.0,1.01,0.0,0.16,1.76,2.1,0.81,0.0,2.24,0.0,0.0,0.0,1.0,0.0,1.0,0.0
0.0,0.0,0.11,0.0,0.0,0.0,0.93,0.0,0.23,1.81,1.98,0.85,0.0,2.24,0.0,0.0,0.0,1.0,0.0,1.0,0.0
0.0,0.0,0.11,0.0,0.0,0.0,0.94,0.0,0.09,1.39,1.95,0.89,0.0,2.39,0.0,0.0,0.0,1.0,0.0,1.0,0.0
0.0,0.0,0.01,0.0,0.0,0.0,0.9,0.0,0.07,1.53,1.91,0.97,0.0,2.37,0.0,0.0,0.0,1.0,0.0,1.0,0.0
0.0,0.0,0.0,0.0,0.0,0.0,0.95,0.0,0.0,1.59,2.08,1.11,0.0,2.33,0.0,0.0,0.0,1.0,0.0,1.0,0.0
0.0,0.0,0.0,0.0,0.06,0.0,1.01,0.0,0.04,1.82,2.24,1.29,0.0,2.31,0.0,0.0,0.0,1.0,0.0,1.0,0.0
0.0,0.0,0.0,0.0,0.14,0.0,1.01,0.0,0.04,2.13,2.37,1.22,0.0,2.31,0.0,0.0,0.0,1.0,0.0,1.0,0.0
0.0,0.0,0.0,0.0,0.16,0.0,1.05,0.0,0.1,2.05,2.37,1.26,0.0,2.2,0.0,0.0,0.0,1.0,0.0,1.0,0.0
0.0,0.0,0.05,0.0,0.1,0.0,0.98,0.0,0.12,2.01,2.3,1.13,0.0,2.17,0.0,0.0,0.0,1.0,0.0,1.0,0.0
0.0,0.0,0.05,0.0,0.02,0.0,1.0,0.0,0.11,1.86,2.24,1.35,0.0,2.17,0.0,0.0,0.0,1.0,0.0,1.0,0.0
0.0,0.0,0.05,0.0,0.0,0.0,0.95,0.0,0.06,2.16,2.29,1.45,0.0,2.34,0.0,0.0,0.0,1.0,0.0,1.0,0.0
0.0,0.0,0.04,0.0,0.0,0.0,1.04,0.0,0.03,1.95,2.3,1.36,0.0,2.43,0.0,0.0,0.0,1.0,0.0,1.0,0.0
0.0,0.0,0.04,0.0,0.0,0.0,1.11,0.0,0.03,1.93,2.36,1.19,0.0,2.35,0.0,0.0,0.0,1.0,0.0,1.0,0.0
0.0,0.0,0.04,0.0,0.0,0.0,1.23,0.0,0.07,1.75,2.21,1.04,0.0,2.19,0.0,0.0,0.0,1.0,0.0,1.0,0.0
0.0,0.0,0.0,0.0,0.0,0.0,1.31,0.0,0.07,1.96,2.26,1.2,0.0,2.12,0.0,0.0,0.0,1.0,0.0,1.0,0.0
0.0,0.0,0.0,0.0,0.0,0.0,1.33,0.0,0.07,1.87,2.19,1.24,0.0,2.17,0.0,0.0,0.0,1.0,0.0,1.0,0.0
0.0,0.0,0.0,0.0,0.0,0.0,1.18,0.0,0.04,2.0,2.16,1.33,0.0,2.06,0.0,0.0,0.0,1.0,0.0,1.0,0.0
0.0,0.0,0.0,0.0,0.0,0.0,1.1,0.0,0.0,2.26,2.1,1.38,0.0,2.05,0.0,0.0,0.0,1.0,0.0,1.0,0.0
0.0,0.0,0.0,0.0,0.0,0.0,1.02,0.0,0.0,2.42,2.1,1.43,0.0,1.9,0.0,0.0,0.0,1.0,0.0,1.0,0.0
0.0,0.0,0.0,0.0,0.0,0.0,1.09,0.0,0.0,2.45,2.1,1.53,0.0,1.92,0.0,0.0,0.0,1.0,0.0,1.0,0.0
0.0,0.0,0.0,0.0,0.01,0.0,1.1,0.0,0.0,2.21,2.13,1.53,0.0,1.91,0.0,0.0,0.0,1.0,0.0,1.0,0.0
0.0,0.0,0.0,0.0,0.04,0.0,1.12,0.0,0.0,2.05,2.11,1.61,0.0,1.93,0.0,0.0,0.0,1.0,0.0,1.0,0.0
0.0,0.0,0.0,0.0,0.04,0.0,1.18,0.0,0.0,1.83,2.03,1.67,0.0,1.95,0.0,0.0,0.0,1.0,0.0,1.0,0.0
0.0,0.0,0.0,0.0,0.02,0.0,1.3,0.0,0.0,1.51,1.91,1.59,0.0,1.82,0.0,0.0,0.0,1.0,0.0,1.0,0.0
0.0,0.0,0.0,0.0,0.0,0.02,1.38,0.0,0.0,1.54,1.97,1.6,0.0,1.82,0.0,0.0,0.0,1.0,0.0,1.0,0.0
0.0,0.0,0.02,0.0,0.0,0.02,1.41,0.0,0.0,1.46,2.03,1.48,0.0,1.88,0.0,0.0,0.0,1.0,0.0,1.0,0.0
0.0,0.0,0.02,0.0,0.0,0.02,1.35,0.0,0.0,1.57,2.18,1.56,0.0,1.91,0.0,0.0,0.0,1.0,0.0,1.0,0.0
0.0,0.0,0.02,0.0,0.0,0.0,1.38,0.0,0.0,1.55,2.18,1.71,0.0,2.0,0.0,0.0,0.0,1.0,0.0,1.0,0.0
0.0,0.0,0.0,0.0,0.0,0.0,1.39,0.0,0.0,1.62,2.26,1.73,0.0,1.96,0.0,0.0,0.0,1.0,0.0,1.0,0.0
0.0,0.0,0.0,0.0,0.01,0.01,1.43,0.0,0.0,1.53,2.27,1.84,0.0,2.1,0.0,0.0,0.0,1.0,0.0,1.0,0.0
0.0,0.0,0.0,0.0,0.02,0.06,1.4,0.0,0.0,1.26,2.22,1.58,0.0,2.13,0.0,0.0,0.0,1.0,0.0,1.0,0.0
0.0,0.0,0.0,0.0,0.02,0.06,1.38,0.0,0.0,1.24,2.26,1.53,0.0,2.26,0.0,0.0,0.0,1.0,0.0,1.0,0.0
0.0,0.0,0.0,0.0,0.02,0.05,1.3,0.0,0.0,1.28,2.27,1.32,0.0,2.34,0.0,0.0,0.0,1.0,0.0,1.0,0.0
0.0,0.0,0.0,0.0,0.0,0.0,1.2,0.0,0.0,1.48,2.32,1.27,0.0,2.33,0.0,0.0,0.0,1.0,0.0,1.0,0.0
0.0,0.0,0.0,0.0,0.06,0.0,1.26,0.0,0.0,1.34,2.22,1.31,0.0,2.12,0.0,0.0,0.0,1.0,0.0,1.0,0.0
0.0,0.0,0.0,0.0,0.09,0.0,1.08,0.0,0.0,1.44,1.93,1.39,0.0,1.73,0.0,0.0,0.0,1.0,0.0,1.0,0.0
0.0,0.0,0.0,0.0,0.16,0.0,1.04,0.0,0.0,1.3,1.8,1.53,0.0,1.76,0.0,0.0,0.0,1.0,0.0,1.0,0.0
0.0,0.0,0.0,0.0,0.17,0.0,0.78,0.0,0.0,1.51,1.57,1.6,0.0,1.91,0.0,0.0,0.0,1.0,0.0,1.0,0.0
0.0,0.0,0.0,0.0,0.23,0.0,0.88,0.0,0.0,1.53,1.6,1.52,0.0,2.14,0.0,0.0,0.0,1.0,0.0,1.0,0.0
0.0,0.0,0.0,0.0,0.22,0.0,0.82,0.0,0.05,1.86,1.43,1.6,0.0,1.87,0.0,0.0,0.0,1.0,0.0,1.0,0.0
0.0,0.0,0.0,0.0,0.23,0.0,0.92,0.0,0.05,1.78,1.42,1.46,0.0,1.79,0.0,0.0,0.0,1.0,0.0,1.0,0.0
0.0,0.0,0.0,0.0,0.19,0.0,0.8,0.0,0.05,1.91,1.46,1.48,0.0,1.77,0.0,0.0,0.0,1.0,0.0,1.0,0.0
0.0,0.0,0.01,0.0,0.22,0.0,0.82,0.0,0.0,1.76,1.42,1.19,0.0,1.81,0.0,0.0,0.0,1.0,0.0,1.0,0.0
0.0,0.0,0.01,0.0,0.22,0.0,0.68,0.0,0.0,1.76,1.4,1.19,0.0,1.72,0.0,0.0,0.0,1.0,0.0,1.0,0.0
0.0,0.0,0.01,0.0,0.27,0.0,0.63,0.0,0.0,1.59,1.33,1.05,0.0,1.69,0.0,0.0,0.0,1.0,0.0,1.0,0.0
0.0,0.0,0.02,0.0,0.28,0.0,0.64,0.0,0.0,1.57,1.52,1.07,0.0,1.65,0.0,0.0,0.0,1.0,0.0,1.0,0.0
0.0,0.0,0.04,0.0,0.25,0.0,0.65,0.0,0.0,1.61,1.6,1.03,0.0,1.73,0.0,0.0,0.0,1.0,0.0,1.0,0.0
0.0,0.0,0.1,0.0,0.21,0.0,0.72,0.0,0.0,1.66,1.6,1.13,0.0,1.75,0.0,0.0,0.0,1.0,0.0,1.0,0.0
0.0,0.0,0.14,0.0,0.27,0.0,0.68,0.0,0.0,1.64,1.44,1.22,0.0,1.83,0.0,0.0,0.0,1.0,0.0,1.0,0.0
0.0,0.0,0.16,0.0,0.28,0.0,0.59,0.0,0.0,1.47,1.3,1.16,0.0,1.69,0.0,0.0,0.0,1.0,0.0,1.0,0.0
0.0,0.0,0.12,0.0,0.29,0.0,0.56,0.0,0.0,1.47,1.29,1.03,0.0,1.58,0.0,0.0,0.0,1.0,0.0,1.0,0.0
0.0,0.0,0.09,0.0,0.19,0.0,0.54,0.0,0.0,1.22,1.28,0.88,0.0,1.35,0.0,0.0,0.0,1.0,0.0,1.0,1.0
0.0,0.0,0.06,0.0,0.14,0.0,0.5,0.0,0.0,1.43,1.29,0.89,0.0,1.26,0.0,0.0,0.0,0.0,0.0,1.0,1.0
0.0,0.0,0.02,0.0,0.08,0.0,0.38,0.0,0.17,1.07,1.09,0.9,0.0,1.07,0.0,0.0,0.0,0.0,0.0,1.0,1.0
0.0,0.0,0.0,0.0,0.03,0.0,0.36,0.0,0.39,1.27,0.95,0.62,0.0,1.17,0.0,0.0,0.0,0.0,0.0,1.0,1.0
0.0,0.0,0.0,0.0,0.07,0.0,0.42,0.0,0.66,1.35,0.62,0.29,0.0,1.15,0.0,0.0,0.0,0.0,0.0,1.0,1.0
0.0,0.0,0.0,0.0,0.14,0.0,0.68,0.02,0.8,1.51,0.4,0.0,0.04,1.36,0.0,0.0,0.0,0.0,0.0,1.0,1.0
0.0,0.0,0.0,0.0,0.34,0.0,0.87,0.04,0.76,1.41,0.27,0.0,0.05,1.57,0.0,0.0,0.0,0.0,0.0,1.0,1.0
0.0,0.0,0.0,0.0,0.51,0.0,1.09,0.16,0.92,1.57,0.26,0.0,0.28,1.77,0.0,0.0,0.0,0.0,0.0,1.0,1.0
0.0,0.0,0.12,0.0,0.77,0.0,1.19,0.33,1.04,1.7,0.48,0.0,0.61,2.13,0.0,0.0,0.0,0.0,0.0,1.0,1.0
0.0,0.0,0.33,0.0,0.92,0.0,1.09,0.49,1.11,2.12,0.69,0.0,0.87,2.37,0.0,1.0,0.0,0.0,0.0,1.0,1.0
0.0,0.0,0.57,0.0,1.08,0.0,1.04,0.5,0.91,2.07,0.93,0.08,0.86,2.71,0.0,1.0,0.0,0.0,0.0,1.0,1.0
0.0,0.0,0.74,0.0,1.28,0.0,0.78,0.37,0.55,2.67,1.09,0.45,0.85,2.59,0.0,1.0,0.0,0.0,0.0,1.0,1.0
0.0,0.0,0.93,0.0,1.51,0.0,0.9,0.24,0.56,2.95,1.22,0.56,1.06,2.38,0.0,1.0,0.0,0.0,0.0,1.0,0.0
0.0,0.0,1.05,0.0,1.67,0.0,0.81,0.2,0.53,3.85,1.69,0.48,1.35,1.83,0.0,1.0,0.0,0.0,0.0,1.0,0.0
0.0,0.0,1.03,0.0,1.69,0.0,0.78,0.2,0.59,4.28,1.67,0.11,1.89,1.74,0.0,1.0,0.0,0.0,1.0,1.0,0.0
0.0,0.0,0.95,0.0,1.66,0.0,0.61,0.16,0.34,4.83,1.48,0.0,2.16,1.77,0.0,1.0,0.0,0.0,1.0,1.0,0.0
0.0,0.0,0.9,0.0,1.71,0.0,0.48,0.08,0.13,4.83,0.9,0.03,1.94,1.89,0.0,1.0,0.0,0.0,1.0,1.0,0.0
0.0,0.0,0.98,0.0,1.74,0.0,0.33,0.01,0.01,5.0,0.49,0.29,1.23,1.45,0.0,1.0,0.0,0.0,1.0,1.0,0.0
0.0,0.0,1.07,0.0,1.77,0.0,0.12,0.0,0.0,5.0,0.17,0.85,0.9,0.72,0.0,1.0,0.0,0.0,1.0,1.0,0.0
0.0,0.0,1.21,0.0,1.73,0.0,0.0,0.0,0.0,5.0,0.0,1.55,0.83,0.47,0.0,1.0,0.0,0.0,1.0,1.0,0.0
0.0,0.0,1.34,0.0,1.47,0.0,0.67,0.05,0.0,5.0,0.47,1.56,1.57,1.15,0.0,1.0,0.0,0.0,1.0,1.0,0.0
0.0,0.0,1.42,0.0,1.14,0.0,1.38,0.19,0.29,4.63,1.57,1.0,1.97,2.12,0.0,1.0,0.0,0.0,0.0,0.0,0.0
0.0,0.0,1.48,0.0,0.77,0.0,2.04,0.28,0.78,4.3,2.73,0.27,2.48,2.75,0.0,1.0,0.0,1.0,0.0,0.0,0.0
0.0,0.0,1.45,0.09,0.72,0.0,2.18,0.4,1.47,3.55,3.6,0.0,2.03,2.78,0.0,1.0,0.0,1.0,0.0,0.0,0.0
0.0,0.0,1.33,0.18,0.75,0.0,2.39,0.58,1.9,3.03,3.9,0.0,1.52,2.88,0.0,1.0,0.0,1.0,0.0,0.0,0.0
0.0,0.0,1.14,0.37,0.87,0.0,2.57,0.88,2.31,2.37,4.16,0.0,0.96,3.06,0.0,1.0,0.0,1.0,0.0,0.0,0.0
0.0,0.0,1.06,0.45,0.94,0.02,2.59,1.06,2.67,2.02,4.09,0.0,0.67,3.05,0.0,1.0,0.0,1.0,0.0,0.0,0.0
0.0,0.0,0.88,0.61,0.99,0.02,2.63,1.2,3.1,1.64,3.98,0.0,0.6,3.02,0.0,1.0,0.0,1.0,0.0,0.0,0.0
0.0,0.0,0.64,0.75,0.98,0.05,2.76,1.24,3.31,1.39,4.08,0.0,0.81,2.99,0.0,1.0,0.0,1.0,0.0,0.0,0.0
0.0,0.0,0.28,1.07,0.93,0.12,2.78,1.21,3.18,1.46,4.48,0.0,1.05,2.91,0.0,0.0,0.0,1.0,0.0,0.0,0.0
0.0,0.0,0.07,1.3,0.86,0.2,2.66,1.03,2.97,2.69,4.85,0.0,1.05,2.3,0.0,0.0,0.0,1.0,0.0,0.0,0.0
0.0,0.0,0.0,1.36,0.8,0.21,2.41,0.92,2.73,3.92,5.0,0.0,0.86,1.8,0.0,0.0,0.0,1.0,0.0,0.0,0.0
0.83,0.31,0.97,0.88,0.52,0.12,1.56,0.73,2.07,3.61,3.6,0.0,0.61,0.95,0.0,0.0,0.0,1.0,0.0,0.0,0.0
1.67,0.59,1.95,0.39,0.25,0.04,0.73,0.62,1.39,2.11,2.25,0.0,0.5,0.53,0.0,0.0,0.0,0.0,0.0,0.0,0.0
2.52,0.99,3.0,0.0,0.0,0.0,0.0,0.47,0.76,0.52,0.92,0.0,0.55,0.0,0.0,0.0,0.0,0.0,0.0,0.0,0.0
2.52,1.06,3.1,0.0,0.0,0.0,0.0,0.54,0.8,0.22,0.97,0.0,0.6,0.0,0.0,0.0,0.0,0.0,0.0,0.0,0.0
2.49,1.12,3.13,0.0,0.0,0.0,0.0,0.59,0.79,0.24,1.06,0.0,0.65,0.0,0.0,0.0,0.0,0.0,0.0,0.0,0.0
2.46,1.11,3.11,0.0,0.0,0.0,0.0,0.63,0.75,0.15,1.12,0.0,0.6,0.0,0.0,0.0,0.0,1.0,0.0,0.0,0.0
2.45,1.02,2.98,0.0,0.0,0.0,0.0,0.62,0.69,0.13,1.27,0.0,0.62,0.06,0.0,0.0,0.0,1.0,0.0,1.0,0.0
2.5,1.12,2.95,0.0,0.0,0.0,0.0,0.63,0.66,0.0,1.34,0.0,0.76,0.21,0.0,0.0,0.0,1.0,0.0,1.0,0.0
2.56,1.12,2.94,0.0,0.0,0.0,0.0,0.67,0.59,0.03,1.46,0.0,0.87,0.37,0.0,0.0,0.0,1.0,0.0,1.0,0.0
2.67,1.23,2.95,0.0,0.0,0.0,0.0,0.73,0.45,0.06,1.56,0.0,0.93,0.6,0.0,0.0,0.0,1.0,0.0,1.0,0.0
2.67,0.92,2.82,0.0,0.0,0.0,0.0,0.74,0.34,0.06,1.61,0.0,0.86,0.68,0.0,0.0,0.0,1.0,0.0,1.0,0.0
2.64,0.83,2.73,0.0,0.0,0.0,0.0,0.76,0.38,0.03,1.66,0.0,0.85,0.78,0.0,0.0,0.0,1.0,0.0,1.0,0.0
2.63,0.79,2.63,0.0,0.0,0.0,0.0,0.75,0.51,0.02,1.72,0.0,0.77,0.81,0.0,0.0,0.0,1.0,0.0,0.0,0.0
2.69,1.03,2.61,0.0,0.0,0.0,0.0,0.75,0.6,0.02,1.8,0.0,0.83,0.92,0.0,0.0,0.0,1.0,0.0,0.0,0.0
2.84,1.18,2.58,0.0,0.0,0.0,0.0,0.71,0.6,0.02,1.85,0.0,0.83,1.1,0.03,0.0,0.0,1.0,0.0,0.0,0.0
2.88,1.18,2.57,0.0,0.0,0.0,0.0,0.72,0.64,0.0,1.86,0.0,0.95,1.32,0.09,0.0,0.0,1.0,0.0,0.0,0.0
3.03,1.25,2.57,0.0,0.0,0.0,0.0,0.73,0.75,0.0,1.84,0.0,0.94,1.49,0.13,0.0,0.0,1.0,0.0,0.0,0.0
3.07,1.27,2.52,0.0,0.0,0.0,0.0,0.73,0.9,0.0,1.86,0.0,0.89,1.57,0.1,0.0,0.0,1.0,0.0,0.0,0.0
3.09,1.36,2.48,0.0,0.0,0.0,0.0,0.73,0.92,0.0,1.87,0.0,0.8,1.59,0.07,0.0,0.0,1.0,0.0,0.0,0.0
3.1,1.47,2.5,0.0,0.0,0.0,0.0,0.75,0.93,0.0,1.89,0.0,0.73,1.57,0.12,0.0,0.0,0.0,0.0,0.0,0.0
3.02,1.51,2.51,0.0,0.0,0.0,0.0,0.74,1.0,0.0,1.93,0.0,0.82,1.63,0.21,0.0,0.0,0.0,0.0,0.0,0.0
2.99,1.6,2.64,0.0,0.0,0.0,0.0,0.73,1.04,0.0,1.94,0.0,0.79,1.55,0.33,0.0,0.0,0.0,0.0,0.0,0.0
2.93,1.64,2.69,0.0,0.0,0.0,0.0,0.7,1.17,0.0,2.0,0.0,0.77,1.52,0.34,0.0,0.0,0.0,0.0,0.0,0.0
3.03,1.63,2.78,0.0,0.0,0.0,0.0,0.71,1.12,0.01,1.91,0.0,0.69,1.36,0.41,0.0,0.0,0.0,0.0,0.0,0.0
3.04,1.51,2.74,0.0,0.0,0.0,0.0,0.71,1.13,0.05,1.91,0.0,0.63,1.34,0.41,0.0,0.0,0.0,0.0,0.0,0.0
3.13,1.45,2.87,0.0,0.0,0.0,0.0,0.72,1.07,0.06,1.92,0.0,0.58,1.39,0.48,1.0,0.0,0.0,0.0,0.0,0.0
3.17,1.43,2.89,0.0,0.0,0.0,0.0,0.68,1.1,0.12,2.01,0.0,0.55,1.44,0.41,1.0,0.0,0.0,0.0,0.0,0.0
3.29,1.62,2.92,0.0,0.0,0.0,0.0,0.63,1.15,0.23,1.92,0.0,0.56,1.39,0.42,1.0,0.0,0.0,0.0,0.0,0.0
3.29,1.55,2.86,0.0,0.0,0.0,0.0,0.63,1.21,0.3,1.84,0.0,0.54,1.33,0.45,1.0,0.0,0.0,0.0,0.0,0.0
3.32,1.68,2.87,0.0,0.0,0.0,0.0,0.65,1.14,0.38,1.72,0.0,0.52,1.21,0.56,1.0,0.0,0.0,0.0,0.0,0.0
3.3,1.53,2.83,0.0,0.0,0.0,0.0,0.66,1.13,0.42,1.81,0.0,0.41,1.12,0.56,1.0,0.0,0.0,0.0,0.0,0.0
3.25,1.41,2.76,0.0,0.0,0.0,0.0,0.62,1.02,0.42,1.78,0.0,0.3,1.04,0.59,1.0,0.0,0.0,0.0,0.0,0.0
3.22,1.28,2.89,0.06,0.0,0.0,0.0,0.64,1.12,0.47,1.87,0.0,0.24,1.03,0.49,1.0,0.0,0.0,0.0,0.0,0.0
3.22,1.14,2.99,0.06,0.0,0.0,0.0,0.65,1.13,0.46,1.8,0.0,0.29,1.06,0.56,1.0,0.0,0.0,0.0,0.0,0.0
3.23,1.16,3.12,0.06,0.0,0.0,0.0,0.68,1.2,0.57,1.82,0.0,0.35,1.01,0.57,1.0,0.0,0.0,0.0,0.0,0.0
3.23,1.07,3.08,0.0,0.0,0.0,0.0,0.7,1.29,0.51,1.78,0.0,0.28,1.03,0.73,1.0,0.0,0.0,0.0,0.0,0.0
3.31,1.23,3.11,0.0,0.0,0.0,0.0,0.67,1.34,0.5,1.86,0.0,0.18,0.91,0.85,1.0,0.0,0.0,0.0,0.0,0.0
3.37,1.39,3.07,0.07,0.0,0.0,0.0,0.67,1.46,0.44,1.92,0.0,0.07,0.82,0.93,1.0,0.0,0.0,0.0,0.0,0.0
3.4,1.61,3.09,0.21,0.0,0.0,0.0,0.67,1.41,0.35,1.89,0.0,0.05,0.71,0.97,1.0,0.0,0.0,0.0,0.0,0.0
3.51,1.71,3.09,0.48,0.0,0.0,0.0,0.69,1.5,0.3,1.9,0.0,0.04,0.77,0.88,1.0,0.0,0.0,0.0,0.0,0.0
3.63,1.72,3.27,0.54,0.0,0.0,0.0,0.63,1.51,0.25,1.87,0.0,0.04,0.77,0.96,1.0,0.0,0.0,0.0,0.0,0.0
3.7,1.69,3.19,0.59,0.0,0.0,0.0,0.57,1.64,0.29,1.92,0.0,0.02,0.8,0.98,1.0,0.0,0.0,0.0,0.0,0.0
3.7,1.67,3.13,0.45,0.0,0.0,0.0,0.56,1.65,0.25,1.9,0.0,0.03,0.76,1.13,1.0,0.0,0.0,0.0,0.0,0.0
3.77,1.78,2.95,0.49,0.0,0.0,0.0,0.61,1.69,0.22,1.85,0.0,0.06,0.85,1.16,1.0,0.0,0.0,0.0,0.0,0.0
3.91,1.98,2.9,0.44,0.0,0.0,0.0,0.58,1.63,0.13,1.78,0.0,0.17,0.87,1.23,1.0,0.0,0.0,0.0,0.0,0.0
3.97,2.22,2.76,0.35,0.0,0.0,0.0,0.54,1.56,0.05,1.65,0.0,0.19,0.95,1.2,1.0,0.0,0.0,0.0,0.0,0.0
4.05,2.37,2.52,0.18,0.0,0.0,0.0,0.47,1.44,0.0,1.43,0.0,0.23,1.04,1.16,1.0,0.0,0.0,0.0,0.0,0.0
4.05,2.54,2.23,0.04,0.0,0.0,0.0,0.46,1.41,0.0,1.28,0.0,0.23,1.23,1.22,1.0,0.0,0.0,0.0,0.0,0.0
4.06,2.57,2.13,0.0,0.0,0.0,0.0,0.48,1.42,0.0,1.11,0.0,0.22,1.32,1.26,1.0,0.0,0.0,0.0,0.0,0.0
3.99,2.43,2.11,0.0,0.0,0.0,0.0,0.47,1.42,0.04,1.19,0.0,0.17,1.35,1.27,1.0,0.0,0.0,0.0,0.0,0.0
4.03,2.28,2.12,0.05,0.0,0.0,0.0,0.49,1.43,0.04,1.16,0.0,0.09,1.3,1.2,0.0,0.0,0.0,0.0,0.0,0.0
4.12,2.4,2.03,0.08,0.0,0.0,0.0,0.46,1.48,0.04,1.18,0.0,0.15,1.29,1.22,0.0,0.0,0.0,0.0,0.0,0.0
4.24,2.58,1.91,0.19,0.0,0.0,0.0,0.43,1.56,0.0,1.1,0.0,0.25,1.26,1.16,0.0,0.0,0.0,0.0,0.0,0.0
4.24,2.57,1.83,0.21,0.0,0.0,0.0,0.44,1.56,0.0,1.07,0.0,0.28,1.29,1.08,0.0,0.0,0.0,0.0,0.0,0.0
4.2,2.56,1.78,0.18,0.0,0.0,0.0,0.44,1.48,0.0,0.91,0.0,0.25,1.34,0.97,0.0,0.0,0.0,0.0,0.0,0.0
4.25,2.62,1.66,0.07,0.0,0.0,0.0,0.49,1.43,0.0,0.93,0.0,0.15,1.42,0.95,0.0,0.0,0.0,0.0,0.0,0.0
4.45,2.88,1.55,0.0,0.0,0.0,0.0,0.46,1.41,0.0,0.87,0.0,0.23,1.38,1.03,0.0,0.0,0.0,0.0,0.0,0.0
4.63,3.0,1.47,0.0,0.0,0.0,0.0,0.44,1.39,0.0,0.9,0.0,0.35,1.47,1.02,0.0,0.0,0.0,0.0,0.0,0.0
4.76,3.09,1.43,0.0,0.0,0.0,0.0,0.44,1.41,0.0,0.71,0.0,0.42,1.48,1.09,0.0,0.0,0.0,0.0,0.0,0.0
4.82,3.21,1.36,0.03,0.0,0.0,0.0,0.42,1.39,0.0,0.69,0.0,0.45,1.52,1.06,0.0,0.0,0.0,0.0,0.0,0.0
4.9,3.23,1.27,0.03,0.0,0.0,0.0,0.42,1.33,0.0,0.65,0.0,0.37,1.49,1.22,0.0,0.0,0.0,0.0,0.0,0.0
4.95,3.45,1.26,0.03,0.0,0.0,0.0,0.34,1.27,0.0,0.63,0.0,0.39,1.41,1.29,0.0,0.0,0.0,0.0,0.0,0.0
4.92,3.49,1.23,0.0,0.0,0.0,0.0,0.32,1.27,0.0,0.51,0.0,0.37,1.44,1.41,0.0,0.0,0.0,0.0,0.0,0.0
4.9,3.44,1.2,0.0,0.0,0.0,0.0,0.28,1.29,0.0,0.32,0.0,0.41,1.38,1.43,0.0,0.0,0.0,0.0,0.0,0.0
4.77,3.25,1.18,0.0,0.0,0.0,0.0,0.32,1.26,0.0,0.26,0.0,0.33,1.34,1.54,0.0,0.0,0.0,0.0,0.0,0.0
4.69,3.09,1.23,0.0,0.0,0.0,0.0,0.34,1.2,0.0,0.15,0.0,0.26,1.23,1.59,0.0,0.0,0.0,0.0,0.0,0.0
4.61,2.87,1.15,0.0,0.0,0.0,0.0,0.37,1.09,0.0,0.22,0.0,0.18,1.18,1.42,0.0,0.0,0.0,0.0,0.0,0.0
4.64,2.86,1.14,0.0,0.0,0.0,0.0,0.33,1.02,0.0,0.21,0.0,0.18,1.18,1.33,0.0,0.0,0.0,0.0,0.0,0.0
4.57,2.65,1.03,0.0,0.0,0.0,0.0,0.31,1.0,0.0,0.23,0.0,0.13,1.09,1.3,0.0,0.0,0.0,0.0,0.0,0.0
4.66,2.69,1.08,0.0,0.0,0.0,0.0,0.31,1.11,0.0,0.24,0.0,0.11,1.05,1.43,0.0,0.0,0.0,0.0,0.0,0.0
4.54,2.3,1.0,0.0,0.0,0.0,0.0,0.32,1.11,0.0,0.3,0.0,0.05,0.96,1.39,0.0,0.0,0.0,0.0,0.0,0.0
4.56,2.23,1.06,0.0,0.0,0.0,0.0,0.35,1.11,0.0,0.34,0.0,0.08,1.0,1.35,0.0,0.0,0.0,0.0,0.0,0.0
4.45,1.99,0.97,0.0,0.0,0.0,0.0,0.36,1.03,0.0,0.37,0.0,0.04,0.83,1.23,0.0,0.0,0.0,0.0,0.0,0.0
4.5,2.13,1.01,0.0,0.0,0.0,0.0,0.34,1.03,0.0,0.35,0.0,0.04,0.71,1.13,0.0,0.0,0.0,0.0,0.0,0.0
4.49,2.08,0.95,0.0,0.0,0.0,0.0,0.32,0.86,0.0,0.34,0.0,0.0,0.51,1.06,0.0,0.0,0.0,0.0,0.0,0.0
4.46,2.15,0.99,0.0,0.0,0.0,0.0,0.33,0.7,0.0,0.32,0.0,0.0,0.33,1.06,0.0,0.0,0.0,0.0,0.0,0.0
4.36,2.06,0.99,0.0,0.0,0.0,0.0,0.38,0.57,0.0,0.25,0.0,0.0,0.25,1.08,0.0,0.0,0.0,0.0,0.0,0.0
4.17,1.92,1.02,0.0,0.0,0.0,0.0,0.42,0.47,0.0,0.24,0.0,0.0,0.16,1.13,0.0,0.0,0.0,0.0,0.0,0.0
4.09,1.78,1.04,0.0,0.0,0.0,0.0,0.43,0.56,0.0,0.28,0.0,0.0,0.14,1.15,0.0,0.0,0.0,0.0,0.0,0.0
4.04,1.68,1.02,0.0,0.0,0.0,0.0,0.44,0.59,0.0,0.32,0.0,0.11,0.06,1.05,0.0,0.0,0.0,0.0,0.0,0.0
4.08,1.6,0.95,0.0,0.0,0.0,0.0,0.43,0.68,0.0,0.32,0.0,0.22,0.02,0.88,0.0,0.0,0.0,0.0,0.0,0.0
4.03,1.64,0.95,0.0,0.0,0.0,0.08,0.43,0.68,0.0,0.23,0.0,0.27,0.02,0.72,0.0,0.0,0.0,0.0,0.0,0.0
3.99,1.63,0.98,0.0,0.0,0.0,0.12,0.43,0.62,0.0,0.29,0.0,0.18,0.0,0.74,0.0,0.0,0.0,0.0,0.0,0.0
3.92,1.69,1.03,0.0,0.0,0.0,0.15,0.43,0.77,0.0,0.36,0.0,0.13,0.0,0.74,0.0,0.0,0.0,0.0,0.0,0.0
3.89,1.52,1.09,0.0,0.0,0.0,0.1,0.44,0.89,0.0,0.37,0.0,0.08,0.0,0.86,0.0,0.0,0.0,0.0,0.0,1.0
3.93,1.55,1.09,0.0,0.0,0.0,0.06,0.44,0.96,0.0,0.38,0.0,0.08,0.0,0.79,0.0,0.0,0.0,0.0,0.0,1.0
3.94,1.47,1.1,0.0,0.0,0.0,0.03,0.46,0.93,0.0,0.41,0.0,0.1,0.0,0.77,0.0,0.0,0.0,0.0,0.0,1.0
3.92,1.59,1.0,0.0,0.0,0.0,0.0,0.45,0.67,0.0,0.42,0.0,0.13,0.0,0.67,0.0,0.0,0.0,0.0,0.0,1.0
3.77,1.34,0.96,0.0,0.0,0.0,0.0,0.47,0.72,0.0,0.36,0.0,0.1,0.0,0.67,0.0,0.0,0.0,0.0,0.0,1.0
3.69,1.25,0.95,0.0,0.0,0.0,0.0,0.47,0.59,0.0,0.34,0.0,0.02,0.0,0.65,0.0,0.0,0.0,0.0,0.0,1.0
3.67,1.26,1.07,0.0,0.0,0.0,0.0,0.47,0.73,0.01,0.4,0.0,0.0,0.0,0.59,1.0,0.0,0.0,0.0,0.0,1.0
3.68,1.3,1.23,0.0,0.0,0.0,0.0,0.39,0.54,0.01,0.37,0.0,0.0,0.0,0.57,1.0,0.0,0.0,0.0,0.0,1.0
3.68,1.38,1.45,0.0,0.0,0.0,0.0,0.3,0.43,0.02,0.27,0.0,0.06,0.0,0.61,1.0,0.0,0.0,0.0,0.0,1.0
3.57,1.18,1.59,0.0,0.0,0.0,0.0,0.24,0.28,0.06,0.1,0.0,0.08,0.0,0.71,1.0,0.0,0.0,0.0,0.0,1.0
3.13,0.86,1.57,0.0,0.0,0.0,0.1,0.33,0.67,0.06,0.11,0.0,0.08,0.0,0.77,1.0,0.0,0.0,0.0,0.0,1.0
2.76,0.66,1.63,0.0,0.0,0.0,0.22,0.43,1.25,0.05,0.16,0.0,0.11,0.0,0.91,1.0,0.0,0.0,0.0,0.0,1.0
2.38,0.42,1.65,0.0,0.0,0.0,0.34,0.51,1.79,0.0,0.2,0.0,0.14,0.0,0.97,1.0,0.0,0.0,0.0,0.0,0.0
2.38,0.6,1.75,0.0,0.0,0.0,0.43,0.51,2.05,0.0,0.25,0.0,0.3,0.0,0.92,0.0,0.0,0.0,0.0,0.0,0.0
2.24,0.47,1.68,0.0,0.0,0.0,0.49,0.53,2.1,0.0,0.34,0.0,0.29,0.0,0.75,0.0,0.0,0.0,0.0,0.0,0.0
2.25,0.51,1.75,0.0,0.0,0.0,0.59,0.52,2.06,0.0,0.37,0.0,0.38,0.0,0.65,0.0,0.0,0.0,0.0,0.0,0.0
2.25,0.47,1.78,0.0,0.0,0.0,0.61,0.55,1.97,0.0,0.29,0.0,0.3,0.0,0.66,0.0,0.0,0.0,0.0,0.0,0.0
2.27,0.45,1.83,0.0,0.0,0.0,0.62,0.58,1.86,0.0,0.13,0.0,0.34,0.0,0.57,0.0,0.0,0.0,0.0,0.0,0.0
2.21,0.3,1.81,0.0,0.0,0.0,0.62,0.59,1.91,0.0,0.15,0.0,0.33,0.0,0.58,0.0,0.0,0.0,0.0,0.0,0.0
2.25,0.11,1.88,0.0,0.0,0.0,0.59,0.53,2.0,0.0,0.17,0.0,0.3,0.0,0.6,0.0,0.0,0.0,0.0,0.0,0.0
2.33,0.02,1.85,0.0,0.0,0.0,0.57,0.49,2.06,0.0,0.18,0.0,0.3,0.0,0.71,0.0,0.0,0.0,0.0,0.0,0.0
2.45,0.28,1.79,0.0,0.0,0.0,0.56,0.47,2.04,0.0,0.22,0.0,0.31,0.0,0.67,0.0,0.0,0.0,0.0,0.0,0.0
2.36,0.43,1.76,0.0,0.0,0.0,0.51,0.45,1.89,0.0,0.2,0.0,0.42,0.0,0.7,0.0,0.0,0.0,0.0,0.0,0.0
2.36,0.57,1.67,0.0,0.0,0.0,0.45,0.42,1.81,0.0,0.22,0.0,0.48,0.0,0.72,0.0,0.0,0.0,0.0,0.0,0.0
2.33,0.43,1.64,0.0,0.0,0.0,0.4,0.38,1.81,0.0,0.18,0.0,0.53,0.0,0.72,0.0,0.0,0.0,0.0,0.0,0.0
2.4,0.36,1.55,0.0,0.0,0.0,0.46,0.43,1.75,0.0,0.19,0.0,0.52,0.0,0.72,0.0,0.0,0.0,0.0,0.0,0.0
2.4,0.38,1.63,0.0,0.0,0.0,0.45,0.44,1.77,0.0,0.17,0.0,0.52,0.0,0.7,0.0,0.0,0.0,0.0,0.0,0.0
2.37,0.36,1.55,0.0,0.0,0.0,0.42,0.43,1.73,0.0,0.11,0.0,0.46,0.0,0.73,0.0,0.0,0.0,0.0,0.0,0.0
2.24,0.28,1.52,0.0,0.0,0.0,0.39,0.42,1.8,0.0,0.07,0.0,0.42,0.0,0.84,0.0,0.0,0.0,0.0,0.0,0.0
2.17,0.25,1.48,0.0,0.0,0.0,0.45,0.39,1.75,0.0,0.12,0.0,0.4,0.0,0.88,0.0,0.0,0.0,0.0,0.0,0.0
2.15,0.23,1.56,0.0,0.0,0.0,0.53,0.39,1.74,0.0,0.11,0.0,0.46,0.0,0.92,0.0,0.0,0.0,0.0,0.0,0.0
2.16,0.23,1.53,0.0,0.0,0.0,0.62,0.4,1.72,0.0,0.12,0.0,0.5,0.0,0.89,0.0,0.0,0.0,0.0,0.0,0.0
2.16,0.26,1.52,0.0,0.0,0.0,0.65,0.44,1.78,0.0,0.08,0.0,0.57,0.0,0.92,0.0,0.0,0.0,0.0,0.0,0.0
2.15,0.28,1.46,0.0,0.0,0.0,0.66,0.44,1.8,0.0,0.08,0.0,0.56,0.0,0.96,0.0,0.0,0.0,0.0,0.0,0.0
2.22,0.34,1.49,0.0,0.0,0.0,0.66,0.41,1.92,0.0,0.07,0.0,0.63,0.0,0.9,0.0,0.0,0.0,0.0,0.0,0.0
2.21,0.22,1.43,0.0,0.0,0.0,0.63,0.4,1.86,0.0,0.04,0.0,0.62,0.0,0.94,0.0,0.0,0.0,0.0,0.0,0.0
2.1,0.11,1.4,0.0,0.0,0.0,0.62,0.39,1.91,0.0,0.02,0.0,0.57,0.0,0.86,0.0,0.0,0.0,0.0,0.0,0.0
2.01,0.09,1.39,0.0,0.0,0.0,0.6,0.38,1.82,0.0,0.04,0.0,0.5,0.0,0.87,0.0,0.0,0.0,0.0,0.0,0.0
1.9,0.06,1.39,0.0,0.0,0.0,0.63,0.37,1.84,0.0,0.01,0.0,0.56,0.0,0.85,0.0,0.0,0.0,0.0,0.0,0.0
1.88,0.06,1.36,0.0,0.0,0.0,0.59,0.36,1.73,0.0,0.01,0.0,0.67,0.0,0.9,0.0,0.0,0.0,0.0,0.0,0.0
1.84,0.02,1.2,0.0,0.0,0.0,0.58,0.34,1.65,0.0,0.0,0.0,0.75,0.0,0.97,0.0,0.0,0.0,0.0,0.0,0.0
1.83,0.0,1.07,0.0,0.0,0.0,0.59,0.34,1.59,0.0,0.0,0.0,0.68,0.0,1.0,0.0,0.0,0.0,0.0,0.0,0.0
1.85,0.0,1.02,0.0,0.0,0.0,0.65,0.32,1.67,0.0,0.0,0.0,0.66,0.0,0.92,0.0,0.0,0.0,0.0,0.0,0.0
1.92,0.06,1.09,0.0,0.0,0.0,0.65,0.32,1.7,0.0,0.0,0.0,0.63,0.0,0.88,0.0,0.0,0.0,0.0,0.0,0.0
1.94,0.06,1.12,0.0,0.0,0.0,0.63,0.32,1.83,0.0,0.0,0.0,0.69,0.0,0.83,0.0,0.0,0.0,0.0,0.0,0.0
1.92,0.06,1.15,0.0,0.0,0.0,0.58,0.32,1.81,0.0,0.0,0.0,0.65,0.0,0.91,0.0,0.0,0.0,0.0,0.0,0.0
1.79,0.0,1.03,0.0,0.0,0.0,0.51,0.32,1.82,0.0,0.0,0.0,0.7,0.0,0.98,0.0,0.0,0.0,0.0,0.0,0.0
1.79,0.0,0.97,0.0,0.0,0.0,0.53,0.29,1.76,0.0,0.0,0.0,0.74,0.0,1.06,0.0,0.0,0.0,0.0,0.0,0.0
1.85,0.09,0.92,0.0,0.0,0.0,0.5,0.28,1.77,0.0,0.0,0.0,0.74,0.0,1.07,0.0,0.0,0.0,0.0,0.0,0.0
1.84,0.09,0.89,0.0,0.0,0.0,0.52,0.29,1.78,0.0,0.0,0.0,0.75,0.0,1.1,0.0,0.0,0.0,0.0,0.0,0.0
1.83,0.09,0.87,0.0,0.0,0.0,0.45,0.27,1.85,0.0,0.0,0.0,0.73,0.0,1.05,0.0,0.0,0.0,0.0,0.0,0.0
1.77,0.0,0.82,0.0,0.0,0.0,0.51,0.21,1.84,0.0,0.0,0.0,0.76,0.0,1.04,0.0,0.0,0.0,0.0,0.0,0.0
1.8,0.0,0.83,0.0,0.0,0.0,0.49,0.13,1.83,0.0,0.0,0.0,0.76,0.0,0.95,0.0,0.0,0.0,0.0,0.0,0.0
1.72,0.0,0.86,0.0,0.0,0.0,0.56,0.13,1.77,0.0,0.0,0.0,0.71,0.0,1.03,0.0,0.0,0.0,0.0,0.0,0.0
1.7,0.0,0.81,0.0,0.0,0.0,0.52,0.15,1.79,0.0,0.0,0.0,0.69,0.0,1.08,0.0,0.0,0.0,0.0,0.0,0.0
1.65,0.0,0.82,0.0,0.0,0.0,0.55,0.18,1.88,0.0,0.0,0.0,0.67,0.0,1.09,0.0,0.0,0.0,0.0,0.0,0.0
1.7,0.0,0.83,0.0,0.0,0.0,0.59,0.19,1.87,0.0,0.0,0.0,0.67,0.0,1.01,0.0,0.0,0.0,0.0,0.0,0.0
1.67,0.0,0.87,0.0,0.0,0.0,0.62,0.2,1.77,0.0,0.0,0.0,0.69,0.0,0.95,0.0,0.0,0.0,0.0,0.0,0.0
1.69,0.0,0.81,0.0,0.0,0.0,0.64,0.21,1.63,0.0,0.0,0.0,0.59,0.0,1.0,0.0,0.0,0.0,0.0,0.0,0.0
1.64,0.0,0.66,0.0,0.0,0.0,0.69,0.22,1.62,0.0,0.0,0.0,0.57,0.0,1.2,0.0,0.0,0.0,0.0,0.0,0.0
1.54,0.0,0.57,0.0,0.0,0.0,0.74,0.21,1.62,0.0,0.0,0.0,0.59,0.0,1.3,0.0,0.0,0.0,0.0,0.0,0.0
1.45,0.0,0.55,0.0,0.0,0.0,0.85,0.22,1.57,0.0,0.0,0.0,0.76,0.0,1.2,0.0,0.0,0.0,0.0,0.0,0.0
1.31,0.0,0.58,0.0,0.0,0.0,0.79,0.13,1.46,0.0,0.0,0.0,0.85,0.0,0.93,0.0,0.0,0.0,0.0,0.0,0.0
1.21,0.0,0.58,0.0,0.0,0.0,0.78,0.12,1.39,0.0,0.0,0.0,0.88,0.0,0.79,0.0,0.0,0.0,0.0,0.0,0.0
1.01,0.0,0.45,0.0,0.0,0.0,0.8,0.09,1.39,0.0,0.0,0.0,0.88,0.0,0.89,0.0,0.0,0.0,0.0,0.0,0.0
0.99,0.0,0.33,0.0,0.0,0.0,0.9,0.13,1.44,0.0,0.0,0.0,0.87,0.0,1.0,0.0,0.0,0.0,0.0,0.0,0.0
0.91,0.0,0.18,0.0,0.0,0.0,1.0,0.13,1.48,0.0,0.0,0.0,0.93,0.0,1.0,0.0,0.0,0.0,0.0,0.0,0.0
0.89,0.0,0.19,0.0,0.0,0.0,1.0,0.16,1.48,0.0,0.0,0.0,0.87,0.0,0.86,0.0,0.0,0.0,0.0,0.0,0.0
0.71,0.0,0.15,0.0,0.0,0.0,1.0,0.15,1.4,0.0,0.0,0.0,0.94,0.0,0.86,0.0,0.0,0.0,0.0,0.0,0.0
0.51,0.0,0.16,0.0,0.0,0.0,1.03,0.16,1.41,0.0,0.0,0.0,0.86,0.0,0.95,0.0,0.0,0.0,0.0,0.0,0.0
0.37,0.0,0.16,0.0,0.0,0.0,1.05,0.17,1.38,0.0,0.0,0.0,0.95,0.0,0.94,0.0,0.0,0.0,0.0,0.0,0.0
0.23,0.0,0.22,0.0,0.0,0.0,1.18,0.21,1.41,0.0,0.0,0.0,0.94,0.0,0.82,0.0,0.0,0.0,0.0,0.0,0.0
0.19,0.0,0.18,0.0,0.0,0.0,1.27,0.21,1.34,0.0,0.0,0.0,1.0,0.0,0.82,0.0,0.0,0.0,0.0,0.0,0.0
0.09,0.0,0.09,0.0,0.0,0.0,1.39,0.23,1.35,0.0,0.0,0.0,1.04,0.0,0.95,0.0,0.0,0.0,0.0,0.0,0.0
0.04,0.0,0.0,0.0,0.0,0.0,1.42,0.27,1.35,0.0,0.0,0.0,1.14,0.0,1.01,0.0,0.0,0.0,0.0,0.0,0.0
0.04,0.0,0.1,0.0,0.0,0.0,1.47,0.31,1.35,0.0,0.0,0.0,1.22,0.0,0.98,0.0,0.0,0.0,0.0,0.0,0.0
0.03,0.0,0.12,0.0,0.0,0.0,1.49,0.32,1.35,0.0,0.0,0.0,1.17,0.0,0.81,0.0,0.0,0.0,0.0,0.0,0.0
0.04,0.0,0.12,0.0,0.0,0.0,1.52,0.32,1.37,0.0,0.0,0.0,1.15,0.0,0.72,0.0,0.0,0.0,0.0,0.0,0.0
0.01,0.0,0.05,0.0,0.0,0.0,1.49,0.31,1.36,0.0,0.0,0.0,1.07,0.0,0.58,0.0,0.0,1.0,0.0,0.0,0.0
0.01,0.0,0.07,0.0,0.0,0.0,1.4,0.27,1.33,0.0,0.0,0.0,1.11,0.0,0.65,0.0,0.0,1.0,0.0,0.0,0.0
0.0,0.0,0.11,0.0,0.0,0.0,1.37,0.24,1.33,0.0,0.0,0.0,1.05,0.0,0.6,0.0,0.0,1.0,0.0,0.0,0.0
0.0,0.0,0.08,0.0,0.0,0.0,1.43,0.28,1.29,0.0,0.0,0.0,1.11,0.0,0.73,0.0,0.0,1.0,0.0,0.0,0.0
0.0,0.0,0.04,0.0,0.0,0.0,1.54,0.31,1.22,0.0,0.0,0.0,1.1,0.0,0.8,0.0,0.0,1.0,0.0,0.0,0.0
0.0,0.0,0.0,0.0,0.0,0.0,1.56,0.3,1.2,0.0,0.0,0.0,1.12,0.0,0.99,0.0,0.0,1.0,0.0,0.0,0.0
0.06,0.0,0.0,0.0,0.0,0.0,1.54,0.22,1.21,0.0,0.0,0.0,1.14,0.01,1.02,0.0,0.0,1.0,0.0,0.0,0.0
0.1,0.0,0.0,0.0,0.0,0.0,1.51,0.16,1.3,0.0,0.0,0.0,1.12,0.01,0.99,0.0,0.0,1.0,0.0,0.0,0.0
0.15,0.0,0.0,0.0,0.0,0.0,1.56,0.18,1.27,0.0,0.0,0.0,1.12,0.01,0.96,0.0,0.0,1.0,0.0,0.0,0.0
0.14,0.0,0.0,0.0,0.0,0.0,1.63,0.19,1.35,0.0,0.0,0.0,1.03,0.0,0.94,0.0,0.0,1.0,0.0,0.0,0.0
0.13,0.0,0.0,0.0,0.0,0.0,1.7,0.2,1.39,0.0,0.0,0.0,1.03,0.0,0.97,0.0,0.0,1.0,0.0,0.0,0.0
0.1,0.0,0.0,0.0,0.0,0.0,1.72,0.18,1.53,0.0,0.0,0.0,1.09,0.0,0.95,0.0,0.0,1.0,0.0,0.0,0.0
0.05,0.0,0.0,0.0,0.0,0.0,1.78,0.17,1.55,0.0,0.0,0.0,1.1,0.0,1.01,0.0,0.0,1.0,0.0,0.0,0.0
0.02,0.0,0.0,0.0,0.0,0.0,1.88,0.2,1.64,0.0,0.03,0.04,1.03,0.0,1.03,0.0,0.0,1.0,0.0,0.0,0.0
0.0,0.0,0.0,0.0,0.0,0.0,1.94,0.18,1.71,0.0,0.03,0.04,0.94,0.04,1.06,0.0,0.0,1.0,0.0,0.0,0.0
0.0,0.0,0.0,0.0,0.0,0.0,2.01,0.21,1.92,0.0,0.03,0.09,1.02,0.04,1.19,0.0,0.0,1.0,0.0,0.0,0.0
0.0,0.0,0.0,0.0,0.0,0.0,2.03,0.23,1.94,0.0,0.0,0.06,1.13,0.04,1.34,0.0,0.0,1.0,0.0,0.0,1.0
0.0,0.0,0.0,0.0,0.0,0.0,1.98,0.25,1.94,0.0,0.0,0.06,1.13,0.0,1.49,0.0,0.0,1.0,0.0,0.0,1.0
0.0,0.0,0.0,0.0,0.0,0.0,1.9,0.29,1.92,0.0,0.0,0.0,1.04,0.0,1.45,0.0,0.0,1.0,0.0,0.0,1.0
0.0,0.0,0.0,0.0,0.0,0.0,1.87,0.31,2.0,0.0,0.0,0.0,0.91,0.04,1.43,0.0,0.0,1.0,0.0,0.0,1.0
0.0,0.0,0.0,0.0,0.0,0.0,1.98,0.33,2.12,0.02,0.01,0.0,0.92,0.04,1.46,0.0,0.0,1.0,0.0,0.0,1.0
0.0,0.0,0.0,0.0,0.0,0.0,1.97,0.35,2.18,0.02,0.01,0.0,0.92,0.04,1.6,0.0,0.0,1.0,0.0,0.0,1.0
0.01,0.0,0.0,0.0,0.0,0.0,2.02,0.41,2.26,0.02,0.01,0.0,0.99,0.0,1.78,0.0,0.0,1.0,0.0,0.0,1.0
0.01,0.0,0.0,0.0,0.0,0.0,2.09,0.45,2.27,0.0,0.0,0.02,0.98,0.03,1.91,0.0,0.0,1.0,0.0,0.0,1.0
0.01,0.0,0.0,0.0,0.0,0.0,2.15,0.47,2.26,0.05,0.05,0.02,0.88,0.07,1.96,0.0,0.0,1.0,0.0,0.0,1.0
0.0,0.0,0.0,0.0,0.0,0.0,2.09,0.49,2.16,0.06,0.08,0.02,0.84,0.09,1.99,0.0,0.0,1.0,0.0,0.0,1.0
0.01,0.0,0.0,0.0,0.0,0.0,2.03,0.47,2.01,0.12,0.09,0.03,0.75,0.07,2.07,0.0,0.0,1.0,0.0,0.0,1.0
0.04,0.0,0.0,0.0,0.0,0.0,2.05,0.47,1.95,0.13,0.11,0.03,0.7,0.06,2.18,0.0,0.0,1.0,0.0,0.0,1.0
0.04,0.0,0.0,0.0,0.0,0.0,2.09,0.42,1.85,0.12,0.15,0.03,0.74,0.05,2.4,0.0,0.0,1.0,0.0,0.0,1.0
0.03,0.0,0.0,0.0,0.0,0.0,2.04,0.41,1.78,0.11,0.25,0.0,0.72,0.04,2.52,0.0,0.0,1.0,0.0,0.0,1.0
0.0,0.0,0.0,0.0,0.0,0.0,2.07,0.38,1.62,0.16,0.24,0.0,0.88,0.09,2.49,0.0,0.0,1.0,0.0,0.0,1.0
0.0,0.0,0.0,0.0,0.0,0.0,2.05,0.39,1.65,0.26,0.22,0.0,0.85,0.12,2.45,0.0,0.0,1.0,0.0,0.0,1.0
0.02,0.0,0.0,0.0,0.0,0.0,2.12,0.42,1.74,0.21,0.12,0.0,0.91,0.23,2.35,0.0,0.0,1.0,0.0,0.0,1.0
0.02,0.0,0.0,0.0,0.0,0.0,2.15,0.45,1.83,0.17,0.11,0.0,0.84,0.28,2.34,0.0,0.0,1.0,0.0,0.0,1.0
0.02,0.0,0.0,0.0,0.0,0.0,2.25,0.46,1.82,0.12,0.12,0.0,0.88,0.26,2.18,0.0,0.0,1.0,0.0,0.0,1.0
0.0,0.0,0.0,0.0,0.0,0.0,2.25,0.42,1.83,0.22,0.1,0.0,0.9,0.19,2.04,0.0,0.0,1.0,0.0,0.0,1.0
0.0,0.0,0.0,0.0,0.0,0.0,2.28,0.45,1.76,0.18,0.2,0.0,0.99,0.1,1.92,0.0,0.0,1.0,0.0,0.0,1.0
0.0,0.0,0.0,0.0,0.0,0.0,2.25,0.41,1.65,0.2,0.22,0.0,0.97,0.07,1.81,0.0,0.0,1.0,0.0,0.0,1.0
0.0,0.0,0.0,0.0,0.0,0.0,2.26,0.41,1.48,0.13,0.22,0.0,0.97,0.04,1.66,0.0,0.0,1.0,0.0,0.0,1.0
0.0,0.0,0.0,0.0,0.0,0.0,2.21,0.36,1.49,0.1,0.09,0.0,0.9,0.01,1.37,0.0,0.0,1.0,0.0,0.0,1.0
0.0,0.0,0.0,0.0,0.0,0.0,2.14,0.39,1.5,0.03,0.09,0.0,0.86,0.01,0.78,0.0,0.0,1.0,0.0,0.0,1.0
0.0,0.0,0.0,0.0,0.0,0.0,2.18,0.44,1.45,0.0,0.16,0.03,0.85,0.01,0.3,0.0,0.0,1.0,0.0,0.0,0.0
0.0,0.0,0.0,0.0,0.0,0.0,2.16,0.48,1.29,0.0,0.15,0.09,0.83,0.02,0.0,0.0,0.0,1.0,0.0,0.0,0.0
0.0,0.0,0.0,0.0,0.0,0.0,2.29,0.5,1.27,0.0,0.11,0.1,0.83,0.02,0.0,0.0,0.0,1.0,0.0,0.0,0.0
0.0,0.0,0.0,0.0,0.0,0.03,2.33,0.44,1.3,0.0,0.05,0.16,0.8,0.02,0.0,0.0,0.0,1.0,0.0,0.0,0.0
0.0,0.0,0.0,0.0,0.0,0.06,2.43,0.4,1.32,0.0,0.05,0.24,0.77,0.0,0.0,0.0,0.0,1.0,0.0,0.0,0.0
0.0,0.0,0.0,0.0,0.0,0.06,2.39,0.4,1.25,0.0,0.0,0.27,0.8,0.0,0.0,0.0,0.0,1.0,0.0,0.0,0.0
0.0,0.0,0.0,0.0,0.0,0.03,2.32,0.46,1.13,0.0,0.0,0.26,0.83,0.0,0.0,0.0,0.0,1.0,0.0,0.0,0.0
0.0,0.0,0.0,0.0,0.0,0.0,2.17,0.49,1.05,0.0,0.0,0.11,0.87,0.0,0.0,0.0,0.0,1.0,0.0,0.0,0.0
0.0,0.0,0.0,0.0,0.0,0.0,2.13,0.5,0.91,0.0,0.0,0.07,0.88,0.0,0.0,0.0,0.0,1.0,0.0,0.0,0.0
0.0,0.0,0.0,0.0,0.0,0.0,2.09,0.52,0.93,0.0,0.01,0.0,0.9,0.01,0.0,0.0,0.0,1.0,0.0,0.0,0.0
0.0,0.0,0.0,0.0,0.0,0.01,2.12,0.51,0.96,0.0,0.01,0.0,0.96,0.01,0.0,0.0,0.0,1.0,0.0,0.0,0.0
0.0,0.0,0.0,0.0,0.0,0.01,2.08,0.52,1.06,0.0,0.05,0.0,1.05,0.01,0.0,0.0,0.0,1.0,0.0,0.0,0.0
0.0,0.0,0.0,0.0,0.0,0.03,2.05,0.49,0.98,0.0,0.04,0.0,1.01,0.0,0.0,0.0,0.0,1.0,0.0,0.0,0.0
0.0,0.0,0.0,0.0,0.0,0.02,2.01,0.51,0.83,0.0,0.04,0.0,0.99,0.0,0.0,0.0,0.0,1.0,0.0,0.0,0.0
0.0,0.0,0.0,0.0,0.0,0.02,1.99,0.51,0.64,0.0,0.0,0.0,0.96,0.0,0.0,0.0,0.0,1.0,0.0,0.0,0.0
0.0,0.0,0.0,0.0,0.0,0.04,1.96,0.51,0.76,0.0,0.0,0.04,0.98,0.0,0.0,0.0,0.0,1.0,0.0,0.0,0.0
0.0,0.0,0.0,0.0,0.0,0.08,1.89,0.53,0.94,0.0,0.0,0.04,1.06,0.0,0.0,0.0,0.0,1.0,0.0,0.0,0.0
0.0,0.0,0.0,0.0,0.0,0.1,1.85,0.53,1.01,0.0,0.0,0.04,1.06,0.0,0.0,0.0,0.0,1.0,0.0,0.0,0.0
0.0,0.0,0.0,0.0,0.0,0.07,1.81,0.54,0.87,0.0,0.0,0.0,1.12,0.0,0.0,0.0,0.0,1.0,0.0,0.0,0.0
0.0,0.0,0.0,0.0,0.0,0.03,1.82,0.5,0.84,0.0,0.0,0.0,1.0,0.0,0.0,0.0,0.0,1.0,0.0,0.0,0.0
0.0,0.0,0.0,0.0,0.0,0.09,1.83,0.49,0.93,0.0,0.0,0.0,0.95,0.0,0.0,0.0,0.0,1.0,0.0,0.0,0.0
0.0,0.0,0.0,0.0,0.0,0.09,1.85,0.45,0.94,0.0,0.0,0.0,0.94,0.0,0.0,0.0,0.0,1.0,0.0,0.0,0.0
0.0,0.0,0.0,0.0,0.0,0.13,1.88,0.45,0.89,0.0,0.0,0.0,1.02,0.0,0.0,0.0,0.0,1.0,0.0,0.0,0.0
0.0,0.0,0.0,0.0,0.0,0.11,1.9,0.43,0.78,0.0,0.0,0.0,1.04,0.0,0.0,0.0,0.0,1.0,0.0,0.0,0.0
0.0,0.0,0.0,0.0,0.0,0.11,1.98,0.46,0.76,0.0,0.0,0.0,1.07,0.0,0.0,0.0,0.0,1.0,0.0,0.0,0.0
0.0,0.0,0.0,0.0,0.0,0.12,1.98,0.48,0.77,0.0,0.0,0.09,1.02,0.0,0.0,0.0,0.0,1.0,0.0,0.0,0.0
0.0,0.0,0.0,0.0,0.0,0.11,1.89,0.49,0.82,0.0,0.0,0.09,0.99,0.0,0.0,0.0,0.0,1.0,0.0,0.0,0.0
0.0,0.0,0.0,0.0,0.0,0.14,1.7,0.46,0.84,0.0,0.0,0.09,1.0,0.0,0.0,0.0,0.0,1.0,0.0,0.0,0.0
0.0,0.0,0.0,0.0,0.0,0.14,1.65,0.45,0.79,0.0,0.0,0.0,1.06,0.0,0.0,0.0,0.0,1.0,0.0,0.0,0.0
0.0,0.0,0.0,0.0,0.0,0.13,1.64,0.43,0.76,0.0,0.0,0.02,1.07,0.0,0.0,0.0,0.0,1.0,0.0,0.0,0.0
0.0,0.0,0.0,0.0,0.0,0.17,1.67,0.43,0.75,0.0,0.0,0.02,1.04,0.0,0.0,0.0,0.0,1.0,0.0,0.0,0.0
0.0,0.0,0.0,0.0,0.0,0.19,1.72,0.43,0.71,0.02,0.0,0.02,1.0,0.0,0.0,0.0,0.0,1.0,0.0,0.0,0.0
0.0,0.0,0.0,0.0,0.0,0.2,1.71,0.43,0.73,0.02,0.0,0.0,1.02,0.0,0.0,0.0,0.0,1.0,0.0,0.0,0.0
0.0,0.0,0.0,0.0,0.0,0.11,1.71,0.44,0.72,0.02,0.0,0.0,1.03,0.0,0.0,0.0,0.0,1.0,0.0,0.0,0.0
0.0,0.0,0.0,0.0,0.0,0.07,1.64,0.39,0.76,0.0,0.0,0.0,1.06,0.0,0.0,0.0,0.0,1.0,0.0,0.0,0.0
0.0,0.0,0.0,0.0,0.0,0.05,1.73,0.41,0.76,0.0,0.0,0.0,0.98,0.0,0.0,0.0,0.0,1.0,0.0,0.0,0.0
0.0,0.0,0.0,0.0,0.0,0.05,1.81,0.43,0.79,0.0,0.0,0.0,0.96,0.0,0.0,0.0,0.0,1.0,0.0,0.0,0.0
0.0,0.0,0.0,0.0,0.0,0.02,1.89,0.44,0.88,0.0,0.0,0.0,0.95,0.0,0.0,0.0,0.0,1.0,0.0,0.0,0.0
0.0,0.0,0.0,0.0,0.0,0.04,1.94,0.43,0.95,0.0,0.0,0.06,1.05,0.0,0.0,0.0,0.0,1.0,0.0,0.0,0.0
0.0,0.0,0.0,0.0,0.0,0.04,1.95,0.41,0.91,0.0,0.0,0.06,1.02,0.0,0.0,0.0,0.0,1.0,0.0,0.0,0.0
0.0,0.0,0.0,0.0,0.0,0.07,1.92,0.45,0.77,0.0,0.0,0.06,0.97,0.0,0.0,0.0,0.0,1.0,0.0,0.0,0.0
0.0,0.0,0.0,0.0,0.0,0.08,1.89,0.46,0.76,0.0,0.0,0.0,0.94,0.02,0.0,0.0,0.0,1.0,0.0,0.0,0.0
0.0,0.0,0.0,0.0,0.0,0.09,1.89,0.47,0.8,0.0,0.0,0.0,0.97,0.02,0.0,0.0,0.0,1.0,0.0,0.0,0.0
0.0,0.0,0.0,0.0,0.0,0.13,1.94,0.48,0.88,0.0,0.0,0.0,0.9,0.02,0.0,0.0,0.0,1.0,0.0,0.0,0.0
0.0,0.0,0.0,0.0,0.0,0.14,1.97,0.46,0.78,0.0,0.01,0.0,0.86,0.0,0.0,0.0,0.0,1.0,0.0,0.0,0.0
0.0,0.0,0.0,0.0,0.0,0.15,1.94,0.46,0.77,0.0,0.02,0.01,0.8,0.0,0.0,0.0,0.0,1.0,0.0,0.0,0.0
0.0,0.0,0.0,0.0,0.0,0.15,1.95,0.44,0.72,0.0,0.03,0.01,0.85,0.0,0.0,0.0,0.0,1.0,0.0,0.0,0.0
0.0,0.0,0.0,0.0,0.0,0.11,1.95,0.42,0.75,0.0,0.09,0.01,0.87,0.0,0.0,0.0,0.0,1.0,0.0,0.0,0.0
0.0,0.0,0.0,0.0,0.0,0.11,1.99,0.41,0.78,0.0,0.16,0.0,0.82,0.0,0.0,0.0,0.0,1.0,0.0,0.0,0.0
0.0,0.0,0.0,0.0,0.0,0.05,2.01,0.39,0.85,0.0,0.15,0.0,0.76,0.0,0.0,0.0,0.0,1.0,0.0,0.0,0.0
0.0,0.0,0.0,0.0,0.0,0.09,2.01,0.4,0.92,0.0,0.08,0.0,0.72,0.0,0.0,0.0,0.0,1.0,0.0,0.0,0.0
0.0,0.0,0.0,0.0,0.0,0.09,2.04,0.4,0.9,0.0,0.0,0.01,0.69,0.0,0.0,0.0,0.0,1.0,0.0,0.0,0.0
0.0,0.0,0.0,0.0,0.0,0.11,2.06,0.4,0.93,0.0,0.04,0.01,0.7,0.0,0.0,0.0,0.0,1.0,0.0,0.0,0.0
0.0,0.0,0.0,0.0,0.0,0.1,2.09,0.4,0.9,0.0,0.1,0.01,0.72,0.0,0.0,0.0,0.0,1.0,0.0,0.0,0.0
0.0,0.0,0.0,0.0,0.0,0.1,2.11,0.37,0.86,0.0,0.1,0.02,0.83,0.0,0.0,0.0,0.0,1.0,0.0,0.0,0.0
0.0,0.0,0.0,0.0,0.0,0.08,2.13,0.4,0.84,0.0,0.11,0.02,0.92,0.0,0.0,0.0,0.0,1.0,0.0,0.0,0.0
0.0,0.0,0.0,0.0,0.0,0.07,2.13,0.43,0.86,0.0,0.05,0.02,0.98,0.0,0.0,0.0,0.0,1.0,0.0,0.0,0.0
0.0,0.0,0.0,0.0,0.0,0.03,2.19,0.48,0.89,0.0,0.1,0.0,0.94,0.0,0.0,0.0,0.0,1.0,0.0,0.0,0.0
0.0,0.0,0.0,0.0,0.0,0.05,2.25,0.48,0.83,0.0,0.05,0.0,0.9,0.0,0.0,0.0,0.0,1.0,0.0,0.0,0.0
0.0,0.0,0.0,0.0,0.0,0.04,2.26,0.48,0.79,0.0,0.11,0.0,0.84,0.0,0.0,0.0,0.0,1.0,0.0,0.0,0.0
0.0,0.0,0.0,0.0,0.0,0.13,2.24,0.46,0.83,0.0,0.14,0.02,0.81,0.0,0.0,0.0,0.0,1.0,0.0,0.0,0.0
0.0,0.0,0.0,0.0,0.0,0.15,2.27,0.51,0.87,0.04,0.19,0.07,0.79,0.0,0.0,0.0,0.0,1.0,0.0,0.0,0.0
0.0,0.0,0.0,0.0,0.0,0.18,2.35,0.52,0.83,0.05,0.2,0.21,0.78,0.0,0.0,0.0,0.0,1.0,0.0,0.0,0.0
0.0,0.0,0.0,0.0,0.0,0.13,2.42,0.59,0.8,0.05,0.21,0.19,0.76,0.0,0.0,0.0,1.0,1.0,0.0,0.0,0.0
0.0,0.0,0.0,0.0,0.0,0.11,2.45,0.62,0.83,0.01,0.22,0.19,0.67,0.0,0.0,0.0,1.0,1.0,0.0,0.0,0.0
0.0,0.0,0.0,0.0,0.0,0.1,2.46,0.65,1.1,0.0,0.15,0.16,0.5,0.0,0.0,0.0,1.0,1.0,0.0,0.0,0.0
0.0,0.0,0.0,0.0,0.0,0.11,2.53,0.65,1.26,0.0,0.19,0.16,0.37,0.09,0.0,0.0,1.0,1.0,0.0,0.0,0.0
0.0,0.0,0.0,0.0,0.0,0.09,2.61,0.62,1.19,0.0,0.23,0.11,0.29,0.15,0.0,0.0,1.0,1.0,0.0,0.0,0.0
0.0,0.0,0.0,0.0,0.0,0.09,2.65,0.61,0.91,0.0,0.35,0.0,0.47,0.28,0.0,0.0,1.0,1.0,0.0,0.0,0.0
0.0,0.0,0.0,0.0,0.0,0.06,2.63,0.56,0.72,0.01,0.25,0.01,0.54,0.4,0.0,0.0,1.0,1.0,0.0,0.0,0.0
0.0,0.0,0.0,0.0,0.0,0.08,2.62,0.54,0.62,0.01,0.3,0.09,0.63,0.52,0.0,0.0,1.0,1.0,0.0,0.0,0.0
0.0,0.0,0.0,0.07,0.0,0.06,2.51,0.51,0.71,0.01,0.26,0.09,0.6,0.44,0.0,0.0,1.0,1.0,0.0,0.0,0.0
0.0,0.0,0.0,0.07,0.0,0.03,2.4,0.52,0.69,0.0,0.3,0.07,0.56,0.24,0.0,0.0,1.0,1.0,0.0,0.0,0.0
0.0,0.0,0.0,0.12,0.0,0.0,2.3,0.49,0.87,0.0,0.27,0.14,0.53,0.24,0.0,0.0,1.0,1.0,0.0,0.0,0.0
0.0,0.0,0.0,0.04,0.0,0.0,2.23,0.49,0.85,0.0,0.32,0.27,0.38,0.29,0.0,0.0,1.0,1.0,0.0,0.0,0.0
0.0,0.0,0.0,0.04,0.0,0.0,2.28,0.48,0.83,0.0,0.33,0.31,0.37,0.43,0.04,0.0,1.0,1.0,0.0,0.0,0.0
0.0,0.0,0.0,0.03,0.0,0.0,2.29,0.48,0.7,0.0,0.35,0.38,0.35,0.43,0.04,0.0,1.0,1.0,0.0,0.0,0.0
0.0,0.0,0.0,0.09,0.0,0.0,2.44,0.46,0.62,0.0,0.38,0.27,0.34,0.37,0.08,0.0,1.0,1.0,0.0,0.0,0.0
0.0,0.0,0.0,0.09,0.0,0.0,2.41,0.47,0.52,0.0,0.39,0.23,0.38,0.34,0.04,0.0,1.0,1.0,0.0,0.0,0.0
0.0,0.0,0.0,0.06,0.0,0.0,2.37,0.45,0.42,0.0,0.48,0.06,0.34,0.29,0.12,0.0,1.0,1.0,0.0,0.0,0.0
0.0,0.0,0.0,0.0,0.0,0.0,2.36,0.41,0.33,0.0,0.39,0.15,0.46,0.38,0.08,0.0,1.0,1.0,0.0,0.0,0.0
0.0,0.0,0.0,0.0,0.0,0.0,2.39,0.38,0.42,0.0,0.41,0.29,0.4,0.37,0.08,0.0,1.0,1.0,0.0,0.0,0.0
0.0,0.0,0.0,0.0,0.0,0.0,2.37,0.39,0.44,0.0,0.26,0.32,0.42,0.28,0.01,0.0,1.0,1.0,0.0,0.0,0.0
0.0,0.0,0.0,0.0,0.0,0.0,2.32,0.4,0.44,0.0,0.26,0.26,0.45,0.28,0.01,0.0,1.0,1.0,0.0,0.0,0.0
0.0,0.0,0.0,0.0,0.0,0.0,2.29,0.4,0.26,0.0,0.2,0.22,0.57,0.35,0.01,0.0,1.0,1.0,0.0,0.0,0.0
0.0,0.0,0.0,0.0,0.0,0.0,2.38,0.39,0.36,0.0,0.23,0.23,0.59,0.35,0.0,0.0,1.0,1.0,0.0,0.0,0.0
0.0,0.0,0.0,0.0,0.0,0.0,2.42,0.4,0.37,0.0,0.18,0.29,0.55,0.3,0.0,0.0,1.0,1.0,0.0,0.0,0.0
0.0,0.0,0.0,0.0,0.0,0.0,2.43,0.35,0.41,0.0,0.31,0.35,0.49,0.29,0.0,0.0,1.0,1.0,0.0,0.0,0.0
0.0,0.0,0.0,0.0,0.0,0.0,2.3,0.32,0.33,0.0,0.28,0.42,0.47,0.37,0.0,0.0,0.0,1.0,0.0,0.0,0.0
0.0,0.0,0.0,0.0,0.0,0.0,2.28,0.28,0.27,0.0,0.4,0.51,0.49,0.31,0.0,0.0,0.0,1.0,0.0,0.0,0.0
0.0,0.0,0.0,0.0,0.0,0.0,2.27,0.26,0.33,0.0,0.33,0.51,0.47,0.18,0.0,0.0,0.0,1.0,0.0,0.0,0.0
0.0,0.0,0.0,0.0,0.0,0.0,2.37,0.22,0.41,0.0,0.34,0.53,0.4,0.14,0.0,0.0,0.0,1.0,0.0,0.0,0.0
0.0,0.0,0.0,0.0,0.0,0.0,2.36,0.19,0.43,0.0,0.26,0.45,0.36,0.15,0.0,0.0,0.0,1.0,0.0,0.0,0.0
0.0,0.0,0.0,0.0,0.0,0.0,2.42,0.19,0.47,0.0,0.26,0.44,0.23,0.23,0.0,0.0,0.0,1.0,0.0,0.0,0.0
0.0,0.0,0.0,0.0,0.0,0.0,2.42,0.21,0.33,0.0,0.25,0.5,0.2,0.26,0.0,0.0,0.0,1.0,0.0,0.0,0.0
0.0,0.0,0.0,0.0,0.0,0.0,2.49,0.27,0.31,0.02,0.41,0.52,0.09,0.26,0.06,0.0,0.0,1.0,0.0,0.0,0.0
0.0,0.0,0.0,0.0,0.0,0.0,2.45,0.31,0.25,0.02,0.36,0.6,0.1,0.25,0.06,0.0,0.0,1.0,0.0,0.0,0.0
0.0,0.0,0.0,0.0,0.0,0.0,2.39,0.32,0.32,0.02,0.31,0.69,0.1,0.22,0.06,0.0,0.0,1.0,0.0,0.0,0.0
0.0,0.0,0.0,0.0,0.0,0.0,2.35,0.32,0.26,0.0,0.08,0.69,0.07,0.24,0.04,0.0,1.0,1.0,0.0,0.0,0.0
0.0,0.0,0.0,0.0,0.0,0.0,2.41,0.31,0.19,0.0,0.17,0.63,0.07,0.21,0.14,0.0,1.0,1.0,0.0,0.0,0.0
0.0,0.0,0.0,0.0,0.0,0.0,2.56,0.33,0.02,0.0,0.19,0.57,0.01,0.11,0.18,0.0,1.0,1.0,0.0,0.0,0.0
0.0,0.0,0.0,0.0,0.0,0.0,2.57,0.35,0.12,0.0,0.44,0.71,0.07,0.15,0.15,0.0,1.0,1.0,0.0,0.0,0.0
0.0,0.0,0.0,0.0,0.0,0.0,2.59,0.36,0.1,0.07,0.41,0.88,0.06,0.29,0.04,0.0,1.0,1.0,0.0,0.0,0.0
0.0,0.0,0.0,0.0,0.0,0.0,2.5,0.3,0.19,0.07,0.45,0.9,0.09,0.45,0.01,0.0,1.0,1.0,0.0,0.0,0.0
0.0,0.0,0.0,0.0,0.0,0.0,2.56,0.25,0.2,0.1,0.5,0.87,0.03,0.71,0.0,0.0,1.0,1.0,0.0,0.0,0.0
0.03,0.0,0.0,0.0,0.0,0.0,2.49,0.23,0.21,0.23,0.58,0.75,0.03,0.71,0.0,0.0,0.0,1.0,0.0,0.0,0.0
0.02,0.0,0.0,0.0,0.0,0.0,2.46,0.18,0.23,0.32,0.6,0.74,0.0,0.81,0.0,0.0,0.0,1.0,0.0,0.0,0.0
0.02,0.0,0.0,0.0,0.0,0.0,2.35,0.14,0.25,0.39,0.48,0.75,0.0,0.68,0.0,0.0,0.0,1.0,0.0,0.0,0.0
0.03,0.0,0.0,0.0,0.0,0.0,2.28,0.05,0.23,0.19,0.41,0.79,0.0,0.65,0.0,0.0,0.0,1.0,0.0,0.0,0.0
0.03,0.0,0.0,0.0,0.0,0.0,2.31,0.03,0.21,0.1,0.42,0.81,0.0,0.59,0.01,0.0,0.0,1.0,0.0,0.0,0.0
0.05,0.0,0.0,0.0,0.0,0.0,2.37,0.03,0.23,0.15,0.42,0.74,0.0,0.54,0.01,0.0,0.0,1.0,0.0,0.0,0.0
0.1,0.0,0.0,0.0,0.0,0.0,2.47,0.08,0.25,0.25,0.47,0.8,0.0,0.6,0.01,0.0,0.0,1.0,0.0,0.0,0.0
0.1,0.0,0.0,0.0,0.0,0.0,2.61,0.13,0.27,0.37,0.52,0.9,0.0,0.72,0.0,0.0,0.0,1.0,0.0,0.0,0.0
0.13,0.0,0.0,0.0,0.0,0.0,2.69,0.13,0.28,0.39,0.57,0.95,0.0,0.83,0.0,0.0,0.0,1.0,0.0,0.0,0.0
0.06,0.0,0.0,0.0,0.0,0.0,2.62,0.08,0.37,0.37,0.6,1.03,0.0,0.81,0.0,0.0,0.0,1.0,0.0,0.0,0.0
0.16,0.0,0.0,0.0,0.0,0.0,2.56,0.03,0.42,0.31,0.64,1.05,0.01,0.65,0.0,0.0,0.0,1.0,0.0,0.0,0.0
0.16,0.0,0.0,0.0,0.0,0.0,2.51,0.01,0.36,0.14,0.66,1.16,0.01,0.5,0.0,0.0,0.0,1.0,0.0,0.0,0.0
0.21,0.0,0.0,0.0,0.0,0.0,2.65,0.04,0.42,0.22,0.72,1.21,0.01,0.63,0.0,0.0,0.0,1.0,0.0,0.0,0.0
0.11,0.0,0.0,0.0,0.0,0.0,2.66,0.04,0.28,0.29,0.65,1.08,0.0,0.65,0.0,0.0,0.0,1.0,0.0,0.0,0.0
0.07,0.0,0.0,0.0,0.0,0.0,2.82,0.1,0.39,0.4,0.57,1.06,0.0,0.78,0.0,0.0,0.0,1.0,0.0,0.0,0.0
0.14,0.0,0.0,0.0,0.0,0.0,2.79,0.09,0.3,0.33,0.47,0.83,0.0,0.69,0.0,0.0,0.0,1.0,0.0,0.0,0.0
0.23,0.0,0.0,0.0,0.0,0.0,2.82,0.13,0.35,0.34,0.54,0.85,0.0,0.84,0.01,0.0,0.0,1.0,0.0,0.0,0.0
0.28,0.0,0.0,0.0,0.0,0.0,2.67,0.11,0.21,0.44,0.59,0.87,0.0,0.86,0.01,0.0,0.0,1.0,0.0,0.0,0.0
0.26,0.0,0.0,0.0,0.0,0.0,2.73,0.14,0.15,0.34,0.64,0.9,0.0,1.04,0.01,0.0,0.0,1.0,0.0,0.0,0.0
0.29,0.0,0.0,0.0,0.0,0.0,2.73,0.1,0.08,0.3,0.61,1.11,0.06,0.98,0.0,0.0,0.0,1.0,0.0,0.0,0.0
0.3,0.0,0.0,0.0,0.0,0.0,2.83,0.04,0.04,0.46,0.59,1.2,0.12,1.08,0.0,0.0,0.0,1.0,0.0,0.0,0.0
0.24,0.0,0.0,0.0,0.0,0.0,2.83,0.0,0.0,1.1,0.53,1.29,0.18,1.22,0.0,0.0,0.0,1.0,0.0,0.0,0.0
